"ID","Mscode","Year","Est. Code","Estimate","SE","Lower CIB","Upper CIB","Flag"
"d77e156a-fce1-426d-b30e-05950108c90e","MEASA","2008","_Proportion","14.5","1.1","13.4","15.6",""
"c559c742-eb58-43b3-8942-90652906d855","MEASA","2008","_ChangeInProportion","0.4","1.8","-1.3","2.2",""
"ea1e1ae2-331d-4886-ae72-43f0c0aedfb9","MEASA","2008","_ChangeInNumber","5.1","19.1","-14.0","24.2",""
"cd31ddcf-aef2-4870-ae1e-8149564399d1","MEASA","2008","_Population","1076.5","0.0","0.0","0.0",""
"58ed0c3b-b95f-42f8-a290-2dc2dde72cbd","MEASA","2009","_Proportion","14.0","1.1","12.8","15.1",""
"134ffb46-22e5-4ecc-8480-57c10dcc03c9","MEASA","2009","_ChangeInProportion","-0.5","1.5","-2.0","1.0",""
"0cbc9329-08da-481b-9f67-2b0838d6a6c8","MEASA","2009","_Number","150.6","12.3","138.4","162.9",""
"b2b347a2-356d-48df-81d9-a1a1a778789b","MEASA","2009","_ChangeInNumber","-5.3","16.3","-21.6","11.0",""
"85d8b3a0-90e9-4b3e-8942-0c1e69c8a286","MEASA","2009","_Population","1078.1","0.0","0.0","0.0",""
"77a8261d-dabb-44be-a961-e514f50536a1","MEASA","2010","_Proportion","14.1","1.3","12.8","15.4",""
"c038a3e8-2c3f-4173-a359-055ae9e60544","MEASA","2010","_ChangeInProportion","0.1","1.7","-1.6","1.8",""
"88b51e34-745a-42a4-afcc-82ad28d111b5","MEASA","2010","_Number","152.5","14.4","138.1","166.9",""
"4d06e003-e2e5-4900-8f3e-488786bcaf49","MEASA","2010","_ChangeInNumber","1.9","18.2","-16.3","20.1",""
"67d094a8-e7a9-4db7-a9dd-159976d50b84","MEASA","2010","_Population","1082.6","0.0","0.0","0.0",""
"a10643b4-9639-4e2e-be73-3efe28ae3c03","MEASA","2011","_Proportion","14.9","1.3","13.6","16.2",""
"65507eba-93f9-4ff7-abf6-a52ebb1f48bd","MEASA","2011","_ChangeInProportion","0.8","1.7","-0.9","2.5",""
"729d36a7-476a-45d0-9f77-8a334b05876b","MEASA","2011","_Number","161.9","13.9","148.0","175.8",""
"e66cebee-f79d-4f87-b161-224c45da1660","MEASA","2011","_ChangeInNumber","9.4","18.3","-8.9","27.7",""
"b718036e-8c4a-47f6-98e6-15e45eea7239","MEASA","2011","_Population","1086.9","0.0","0.0","0.0",""
"870e26e8-b074-448a-960c-5c8689b691f3","MEASA","2012","_Proportion","14.8","1.1","13.7","15.9",""
"99ca4b81-6af3-4507-ae30-68557319f521","MEASA","2012","_ChangeInProportion","-0.1","1.7","-1.8","1.7",""
"8dae87f3-0e96-4bae-a1c2-3ef9e600cc46","MEASA","2012","_Number","160.9","11.9","149.0","172.8",""
"edc1bad5-328e-47e8-8344-0addca83e12a","MEASA","2012","_ChangeInNumber","-1.0","18.8","-19.8","17.8",""
"1c9d3d5a-b9d9-49a9-9350-2ddc34ab7937","MEASA","2012","_Population","1085.9","0.0","0.0","0.0",""
"0ae1fb39-b6e5-46ee-92f4-8cf4c99e0f46","MEASA","2013","_Proportion","15.6","1.2","14.4","16.7",""
"14a424a7-8d7a-4f4c-884d-028f7bde0e8e","MEASA","2013","_ChangeInProportion","0.8","1.5","-0.7","2.3",""
"188e7ab8-0029-4b75-8fa7-8340a0e49b46","MEASA","2013","_Number","169.0","12.6","156.4","181.6",""
"f845e38f-201a-423e-a96b-4055841c06e7","MEASA","2013","_ChangeInNumber","8.1","16.4","-8.3","24.5",""
"e3320138-5912-4d86-ae11-a2a14deacbef","MEASA","2013","_Population","1084.7","0.0","0.0","0.0",""
"d30a4e6a-6e54-499b-b972-64b08795dc5e","MEASA","2014","_Proportion","14.5","1.1","13.4","15.7",""
"19c3b869-3244-451b-b9af-bd682790b648","MEASA","2014","_ChangeInProportion","-1.1","1.5","-2.6","0.5",""
"ca32a481-7443-4d7c-bb3b-798c47ef1847","MEASA","2014","_Number","157.5","12.3","145.2","169.8",""
"50ac2616-7115-4d38-8085-aa75a371f2be","MEASA","2014","_ChangeInNumber","-11.5","16.7","-28.2","5.2",""
"f4bc9537-27d4-42c4-bed5-5b716552b70f","MEASA","2014","_Population","1083.9","0.0","0.0","0.0",""
"1d28e67e-5d65-4e19-bd6f-e395e382285b","MEASA","2015","_Proportion","16.3","1.1","15.2","17.4",""
"e939e283-a37e-49e9-9033-b7367030bbd4","MEASA","2015","_ChangeInProportion","1.8","1.7","0.1","3.5",""
"23d32b92-272a-4459-9b6e-16109ea999a6","MEASA","2015","_Number","177.2","12.2","165.0","189.4",""
"e0f118c5-9b9c-41e9-85b7-b49356758b52","MEASA","2015","_ChangeInNumber","19.7","18.3","1.4","38.0",""
"fb7483a1-c32f-41c9-908d-ae9a06737afc","MEASA","2015","_Population","1087.2","0.0","0.0","0.0",""
"d2326350-9b09-49d8-8f02-f90e0754fad7","MEASA","2016","_Proportion","15.4","1.1","14.3","16.5",""
"3b2beeba-1c20-437b-a4d2-69fab4a1a935","MEASA","2016","_ChangeInProportion","-0.9","1.6","-2.5","0.7",""
"0d3b81a3-c612-4176-9451-7a27f08229d0","MEASA","2016","_Number","168.3","11.9","156.5","180.2",""
"7e900d5c-8864-4567-9d3f-c094d2595342","MEASA","2016","_ChangeInNumber","-8.9","16.9","-25.8","8.0",""
"44308503-de3d-42c5-ab06-564c27bc8796","MEASA","2016","_Population","1093.2","0.0","0.0","0.0",""
"f92ba50b-6802-4f05-95e8-c4feade846c6","MEASA","2017","_Proportion","14.2","1.1","13.0","15.3",""
"535ccc93-68b4-4cf7-90f4-4b40451b735a","MEASA","2017","_ChangeInProportion","-1.2","1.6","-2.8","0.3",""
"d33f1ef7-8b3c-4eff-a8b5-ecf5de959aae","MEASA","2017","_Number","156.3","12.4","143.9","168.6",""
"26a3d824-824d-47b9-8836-510bd7e45775","MEASA","2017","_ChangeInNumber","-12.1","17.2","-29.3","5.1",""
"0f503b20-25a6-4d74-af49-8ab173958d8c","MEASA","2017","_Population","1103.2","0.0","0.0","0.0",""
"b6384f4c-3654-433a-9893-48472b855dd8","MEASA","2018","_Proportion","16.5","1.1","15.4","17.6",""
"0af89025-280e-4d7f-bdb1-50babbc878e1","MEASA","2018","_ChangeInProportion","2.3","1.6","0.7","3.9",""
"846b8608-7b18-4fd9-b676-8ce6f7ad9192","MEASA","2018","_Number","183.4","12.2","171.2","195.6",""
"e6436507-f8e1-4ef0-b53e-0696dcbb2def","MEASA","2018","_ChangeInNumber","27.1","17.4","9.7","44.5",""
"5a05a122-ef17-4883-8d82-d05f0f85a9b7","MEASA","2018","_Population","1113.3","0.0","0.0","0.0",""
"5ff570ee-511d-4c24-9778-74e4ea7570f1","MEASA","2019","_Proportion","13.5","0.9","12.6","14.4",""
"0af275bd-f6f2-4284-a1a6-411968436ada","MEASA","2019","_ChangeInProportion","-2.9","1.7","-4.7","-1.2",""
"241e6fa1-13d8-4c8d-8cc3-e598275f5e90","MEASA","2019","_Number","153.2","10.1","143.2","163.3",""
"e9bf66c7-59ee-43ef-9bdb-95b0fb6d53b7","MEASA","2019","_ChangeInNumber","-30.1","19.6","-49.7","-10.5",""
"527d759b-4915-4c22-9578-593e6ef077df","MEASA","2019","_Population","1132.8","0.0","0.0","0.0",""
"cee16ce8-a3ba-44f1-93dd-cbc83ce8a054","MEASA","2020","_Proportion","13.2","1.2","12.0","14.5",""
"0cdbf0e1-a49d-4b6c-b400-3195e9f2eaf6","MEASA","2020","_ChangeInProportion","-0.3","1.6","-1.9","1.2",""
"bf3cf0a2-e817-4814-9270-4c7400fce704","MEASA","2020","_Number","151.2","14.2","137.0","165.4",""
"c8214750-829e-42ab-b127-380bbf203022","MEASA","2020","_ChangeInNumber","-2.1","17.8","-19.9","15.7",""
"29bd5451-e32e-4ee1-9e72-7336f84dc6e3","MEASA","2020","_Population","1144.1","0.0","0.0","0.0",""
"ab93502e-aaa1-4964-9ea4-d70836b7249a","MEASA","2021","_Proportion","13.0","1.2","11.8","14.2",""
"215e021e-028d-4987-b06d-a707e89742cb","MEASA","2021","_ChangeInProportion","-0.2","1.6","-1.9","1.4",""
"f308aabe-a341-417d-a1e1-2016fd8e4c7f","MEASA","2021","_Number","149.1","13.8","135.3","162.9",""
"71f344d0-2c79-42a4-b20b-6930a6451def","MEASA","2021","_ChangeInNumber","-2.1","18.8","-20.9","16.7",""
"a8b7dc41-f772-4a1f-9098-18a958734834","MEASA","2021","_Population","1149.2","0.0","0.0","0.0",""
"28a0e970-e477-40bd-a5a0-a0eeaf6de51f","MEASA","2022","_Proportion","12.0","1.7","10.3","13.6",""
"475ee22a-05a8-4cb5-80f9-07c92c801097","MEASA","2022","_ChangeInProportion","-1.0","2.0","-3.0","1.0",""
"698274b7-5751-4a8b-951b-fda3621a8f57","MEASA","2022","_Number","137.8","19.2","118.6","157.1",""
"44ec69c2-6671-4888-adaa-9db410c82dfe","MEASA","2022","_ChangeInNumber","-11.2","22.9","-34.1","11.6",""
"9669a1bf-ae8b-433b-b8f9-10022ce11ff4","MEASA","2022","_Population","1150.7","0.0","0.0","0.0",""
"582935c7-558d-4b3e-8b74-cd9516967c84","MEASB","2007","_Proportion","0.0","0.0","0.0","0.0","A"
"0e7a5a7c-743d-4a0d-be9d-79bd697bde7e","MEASB","2007","_ChangeInProportion","0.0","0.0","0.0","0.0","A"
"d450362f-4263-41e3-863d-402793639a57","MEASB","2007","_Number","0.0","0.0","0.0","0.0","A"
"51301884-a385-4385-a47b-a7314228511e","MEASB","2007","_ChangeInNumber","0.0","0.0","0.0","0.0","A"
"f2987b2b-eaea-4435-9e70-21af841fb3f9","MEASB","2007","_Population","0.0","0.0","0.0","0.0","A"
"25dc431c-5886-4420-9596-1abe36b2ef1a","MEASB","2008","_Proportion","0.0","0.0","0.0","0.0","A"
"c00729c7-0700-4704-9e35-913026fa954a","MEASB","2008","_ChangeInProportion","0.0","0.0","0.0","0.0","A"
"5173f65f-ef00-4d1b-a520-11aa399a6ef8","MEASB","2008","_Number","0.0","0.0","0.0","0.0","A"
"02b980c1-bc01-4806-bd57-fd8a0c55c9b4","MEASB","2008","_ChangeInNumber","0.0","0.0","0.0","0.0","A"
"bf514883-eda5-474e-9896-7536744b9ca8","MEASB","2008","_Population","0.0","0.0","0.0","0.0","A"
"6d1f9514-ed8a-4a07-b1fe-9e68a971ad93","MEASB","2009","_Proportion","30.5","3.0","27.5","33.4",""
"7d8136f4-1c98-4fd4-85d6-97a3d77f6640","MEASB","2009","_ChangeInProportion","0.0","0.0","0.0","0.0","A"
"27f858fd-316e-48cd-bc19-a259a11d1e02","MEASB","2009","_Number","328.6","32.1","296.5","360.7",""
"0776432d-193b-4080-b313-d6d4752a81d0","MEASB","2009","_ChangeInNumber","0.0","0.0","0.0","0.0","A"
"55c3ab19-869b-43ef-96ad-d806a0534bd6","MEASB","2009","_Population","1078.1","0.0","0.0","0.0",""
"43ec4c7a-95ab-4763-9778-373c2dd46233","MEASB","2010","_Proportion","26.9","3.1","23.7","30.0",""
"f3478099-2438-417c-8d1c-61a21cc4503a","MEASB","2010","_ChangeInProportion","-3.6","4.5","-8.1","0.9",""
"4e7e5a80-1245-454d-9efc-61d485ea19a7","MEASB","2010","_Number","291.1","33.6","257.5","324.6",""
"f7768c02-c05e-4717-bbc0-42c994ae2c77","MEASB","2010","_ChangeInNumber","-37.5","48.0","-85.5","10.5",""
"f6ba4fd6-30cb-4a62-a00a-affd54f69cb1","MEASB","2010","_Population","1082.6","0.0","0.0","0.0",""
"fe339f76-2e29-457a-8f86-3430bb960bac","MEASB","2011","_Proportion","30.9","3.4","27.5","34.2",""
"0f036078-78ac-4042-965b-d19c69aa3854","MEASB","2011","_ChangeInProportion","4.0","4.6","-0.6","8.6",""
"657e7ca5-0911-46f4-8233-8c8f8e3b24ea","MEASB","2011","_Number","335.3","35.7","299.7","371.0",""
"44c1739a-753c-434d-b115-b8473967efe3","MEASB","2011","_ChangeInNumber","44.2","49.0","-4.8","93.2",""
"98e7a952-7323-407a-9d06-bb46e5ea25a8","MEASB","2011","_Population","1086.9","0.0","0.0","0.0",""
"9d5d722e-e686-47fb-ba32-18b4b604838e","MEASB","2012","_Proportion","29.1","2.7","26.3","31.8",""
"2b924041-9145-4450-b125-2ac0232f01c3","MEASB","2012","_ChangeInProportion","-1.8","4.4","-6.2","2.6",""
"45d3f7e9-c158-4bff-b156-fa8fbbd21ce2","MEASB","2012","_Number","315.6","30.0","285.6","345.7",""
"acf9ee5b-ffaf-4a41-ac45-02d68a2e2716","MEASB","2012","_ChangeInNumber","-19.7","47.4","-67.1","27.7",""
"15d33681-413a-4ac1-9dec-0eb86d0ed222","MEASB","2012","_Population","1085.9","0.0","0.0","0.0",""
"cd7d5614-554e-4352-8e5d-21afcf255132","MEASB","2013","_Proportion","26.9","2.6","24.3","29.5",""
"5719c3be-ced1-44d5-80d9-b3fe22da9889","MEASB","2013","_ChangeInProportion","-2.1","3.7","-5.8","1.6",""
"d9e8dfac-e3ee-4077-87e6-35dae35cc9b5","MEASB","2013","_Number","292.3","28.3","264.0","320.5",""
"57e14cc8-a677-4a43-88e5-14125889faba","MEASB","2013","_ChangeInNumber","-23.3","40.1","-63.4","16.8",""
"be6dea07-ca79-4f8e-95de-850e71498f66","MEASB","2013","_Population","1084.7","0.0","0.0","0.0",""
"926a6aae-a21a-4e72-a037-3358e2055025","MEASB","2014","_Proportion","27.3","2.9","24.4","30.2",""
"11ae2e9a-26d9-495e-9bd3-171e6f2f7720","MEASB","2014","_ChangeInProportion","0.4","4.0","-3.6","4.4",""
"71684861-4bc1-4c15-96f3-898f8b127de8","MEASB","2014","_Number","295.9","31.0","264.9","326.9",""
"f521f52d-6c96-4f54-b631-d60a3d098b9f","MEASB","2014","_ChangeInNumber","3.6","43.3","-39.7","46.9",""
"8bcdd744-18cd-4d8c-87bb-741837acc468","MEASB","2014","_Population","1083.9","0.0","0.0","0.0",""
"a2c7d2f5-2f5c-4c6d-a677-d4a82424ba38","MEASB","2015","_Proportion","27.2","2.9","24.3","30.0",""
"90d33a95-65b4-4f55-aac7-489b734498ea","MEASB","2015","_ChangeInProportion","-0.1","3.8","-3.9","3.7",""
"6cedcb59-f3d4-49b1-90b3-3e0ce75aff04","MEASB","2015","_Number","295.6","30.1","265.5","325.7",""
"ea52661a-11dc-4c60-8a32-2ac8ceadb502","MEASB","2015","_ChangeInNumber","-0.3","41.4","-41.7","41.1",""
"95f74d93-6348-48d7-8303-1ede1cd2d5f5","MEASB","2015","_Population","1087.1","0.0","0.0","0.0",""
"ce6cdc96-5fa7-4b57-a5b2-43d44dd80b7c","MEASB","2016","_Proportion","24.3","2.3","21.9","26.6",""
"7c7bd20e-7586-4d12-8eda-3247ec8709c0","MEASB","2016","_ChangeInProportion","-2.9","3.5","-6.4","0.6",""
"bf996b7b-1aa0-46ac-b42c-9c91a96b7f0c","MEASB","2016","_Number","265.4","25.8","239.6","291.2",""
"aa9da663-c824-4548-b567-2ee6cab37877","MEASB","2016","_ChangeInNumber","-30.2","37.8","-68.0","7.6",""
"145f8089-afa6-45dd-a690-64b526647439","MEASB","2016","_Population","1093.2","0.0","0.0","0.0",""
"acce78de-7b7d-497f-8c8b-4289fb5cf9ee","MEASB","2017","_Proportion","22.4","2.4","20.0","24.9",""
"4b3f1665-f367-4bf7-a101-8c2ec1f7c5d8","MEASB","2017","_ChangeInProportion","-1.8","3.3","-5.1","1.5",""
"2237ad9e-ccc3-471b-8a10-cb3d20ca6669","MEASB","2017","_Number","247.5","26.4","221.1","273.9",""
"fc712c98-168d-4098-a1e1-715c751f9eca","MEASB","2017","_ChangeInNumber","-17.9","36.1","-54.0","18.2",""
"359d6920-d78f-412c-8293-e1e7b29330d9","MEASB","2017","_Population","1103.2","0.0","0.0","0.0",""
"702980c2-be03-4d12-b78d-132007a13d41","MEASB","2018","_Proportion","22.8","1.9","20.9","24.7",""
"7fe046ce-41b9-4690-ae28-2e47b3027aa9","MEASB","2018","_ChangeInProportion","0.4","2.8","-2.4","3.2",""
"5c0cc368-d9fd-4354-bb82-86b5134955a9","MEASB","2018","_Number","253.8","21.6","232.3","275.4",""
"895d96c2-ab85-4475-a056-2f3fa741fe52","MEASB","2018","_ChangeInNumber","6.3","31.0","-24.7","37.3",""
"b90f4199-3128-4bd2-b25f-e0bbcdc2f931","MEASB","2018","_Population","1113.3","0.0","0.0","0.0",""
"88e0a2b0-6403-47a1-b9f4-294960a9cdbf","MEASB","2019","_Proportion","18.3","1.1","17.2","19.5",""
"e9c284c5-4a43-48ad-af16-a89d6aeec34e","MEASB","2019","_ChangeInProportion","-4.5","2.4","-6.9","-2.0",""
"156b6e6e-c2d9-4b91-be1d-f00d54ea4a8f","MEASB","2019","_Number","207.7","12.9","194.9","220.6",""
"10ebb601-edae-4057-9cd6-4a1216477db1","MEASB","2019","_ChangeInNumber","-46.1","27.4","-73.5","-18.7",""
"64f24042-cabe-479e-82f6-d730f61cbc92","MEASB","2019","_Population","1132.8","0.0","0.0","0.0",""
"f187a946-8a95-42d1-8520-2b4c7cddddbc","MEASB","2020","_Proportion","17.8","1.3","16.5","19.1",""
"d2eb0418-9bfa-434f-a8de-99ee90d3ba38","MEASB","2020","_ChangeInProportion","-0.6","1.7","-2.3","1.2",""
"a4853b55-b664-45ed-b3ad-65616492ad54","MEASB","2020","_Number","203.3","15.0","188.3","218.4",""
"f434c159-196c-4cd5-8ef7-937f966fc775","MEASB","2020","_ChangeInNumber","-4.4","19.9","-24.3","15.5",""
"84d815c4-68ec-4dc6-9a0e-83261c9be1fe","MEASB","2020","_Population","1144.1","0.0","0.0","0.0",""
"798ce3f8-c146-4e74-8262-c803e8014ac4","MEASB","2021","_Proportion","15.0","1.2","13.8","16.1",""
"562b3491-5c96-4c16-88a2-4949f002db3f","MEASB","2021","_ChangeInProportion","-2.8","1.7","-4.5","-1.1",""
"47ec18a2-ef59-4f73-812f-57b242799b14","MEASB","2021","_Number","172.0","13.3","158.7","185.3",""
"52e1074a-1997-4738-ad26-5d0badc6b997","MEASB","2021","_ChangeInNumber","-31.4","19.6","-51.0","-11.8",""
"298dc0ca-8a4f-43b5-a07d-4d73bdac8d08","MEASB","2021","_Population","1149.2","0.0","0.0","0.0",""
"2792c387-0d3d-4b7e-a120-58998ca95933","MEASB","2022","_Proportion","15.4","1.9","13.4","17.3",""
"dc9abdd2-3be8-4cfc-9584-c78f25eac5ff","MEASB","2022","_ChangeInProportion","0.4","2.2","-1.8","2.6",""
"dd108996-7265-4548-98c6-f73f448bc95a","MEASB","2022","_Number","176.8","22.2","154.6","198.9",""
"82d25d05-528e-4c2f-9287-ba5c913f861d","MEASB","2022","_ChangeInNumber","4.8","25.8","-21.0","30.6",""
"94d2a4cf-8cda-4ddd-95e4-261a333f2c68","MEASB","2022","_Population","1150.7","0.0","0.0","0.0",""
"9444a9c8-cc07-4a5c-bafd-3a02fb2f7602","MEASC","2007","_Proportion","0.0","0.0","0.0","0.0","A"
"9f1bbece-a937-46c1-9c1e-f1c1fb0e1c78","MEASC","2007","_ChangeInProportion","0.0","0.0","0.0","0.0","A"
"79d68431-45da-4f83-b39f-c407d5e73c7a","MEASC","2007","_Number","0.0","0.0","0.0","0.0","A"
"9ba21df4-e2f5-469e-b43d-6212900c82f4","MEASC","2007","_ChangeInNumber","0.0","0.0","0.0","0.0","A"
"a8f44241-fe7e-4b83-932d-09a870a47c2e","MEASC","2007","_Population","0.0","0.0","0.0","0.0","A"
"38fc4bed-04c2-40f1-8859-f1fd4fac1511","MEASC","2008","_Proportion","0.0","0.0","0.0","0.0","A"
"95e98e88-2d91-41d8-b262-24e142bf4546","MEASC","2008","_ChangeInProportion","0.0","0.0","0.0","0.0","A"
"b5ad48b8-9a03-443e-b26c-a84b9af64d67","MEASC","2008","_Number","0.0","0.0","0.0","0.0","A"
"08f85f37-f683-4b39-8b14-ae9d2a2725bf","MEASC","2008","_ChangeInNumber","0.0","0.0","0.0","0.0","A"
"0d4e7655-40b4-40d7-a2db-871b8731b182","MEASC","2008","_Population","0.0","0.0","0.0","0.0","A"
"4da12dce-2444-4a9d-b668-f4fc915948c7","MEASC","2009","_Proportion","0.0","0.0","0.0","0.0","A"
"101e4fd9-389c-416b-ab0a-6b4874f3a548","MEASC","2009","_ChangeInProportion","0.0","0.0","0.0","0.0","A"
"13681cdb-9076-4f97-bb19-478a16a01e83","MEASC","2009","_Number","0.0","0.0","0.0","0.0","A"
"0209187f-1a4b-4b24-9f5b-16f1f975c2f1","MEASC","2009","_ChangeInNumber","0.0","0.0","0.0","0.0","A"
"f2490628-27ae-4743-a081-55a9a5573902","MEASC","2009","_Population","0.0","0.0","0.0","0.0","A"
"08fca70c-6f9d-41d5-8742-c51b21eb8fc3","MEASC","2010","_Proportion","0.0","0.0","0.0","0.0","A"
"1d26e03a-9c75-48d8-b2df-91534a6b78d6","MEASC","2010","_ChangeInProportion","0.0","0.0","0.0","0.0","A"
"b888f355-f283-4fcc-a941-6c202730821f","MEASC","2010","_Number","0.0","0.0","0.0","0.0","A"
"41e636c6-4f2a-479b-bff7-59a66d74085f","MEASC","2010","_ChangeInNumber","0.0","0.0","0.0","0.0","A"
"038d68c5-fb79-4c41-86ee-d5dab393fb6b","MEASC","2010","_Population","0.0","0.0","0.0","0.0","A"
"4004f24f-6392-4627-ac69-a02680876164","MEASC","2011","_Proportion","0.0","0.0","0.0","0.0","A"
"0ee28ba5-7010-4678-a441-91fee01d3e58","MEASC","2011","_ChangeInProportion","0.0","0.0","0.0","0.0","A"
"43011bc1-3aab-4d90-8156-88c2b3b68c7c","MEASC","2011","_Number","0.0","0.0","0.0","0.0","A"
"6551fd90-f521-4213-8536-76ca6a70997f","MEASC","2011","_ChangeInNumber","0.0","0.0","0.0","0.0","A"
"42af6767-6645-4072-816f-444a271437f8","MEASC","2011","_Population","0.0","0.0","0.0","0.0","A"
"ba7ff07f-b65e-4b91-a301-7ef1dc2cf149","MEASC","2012","_Proportion","0.0","0.0","0.0","0.0","A"
"e0be00ea-b822-4f56-b689-11b1a4236669","MEASC","2012","_ChangeInProportion","0.0","0.0","0.0","0.0","A"
"51793b21-859c-492b-a223-6254ff137fca","MEASC","2012","_Number","0.0","0.0","0.0","0.0","A"
"d26a1f53-337e-4a36-9d0d-efb3603db05f","MEASC","2012","_ChangeInNumber","0.0","0.0","0.0","0.0","A"
"edfac21f-c71a-4460-8311-6752834c247d","MEASC","2012","_Population","0.0","0.0","0.0","0.0","A"
"833dc85c-e30f-42d3-b259-b840e68f2e83","MEASC","2013","_Proportion","18.1","4.3","13.8","22.3",""
"3103dbb8-8fdf-43ba-9404-0ce6d8e37f79","MEASC","2013","_ChangeInProportion","0.0","0.0","0.0","0.0","A"
"db9474c0-89f4-4636-8d95-ad4c7352ac51","MEASC","2013","_Number","195.8","46.2","149.6","242.0",""
"c44c7ae5-fb2b-467a-818c-bc2b457cf534","MEASC","2013","_ChangeInNumber","0.0","0.0","0.0","0.0","A"
"e96d689f-69ca-4102-9272-33b6c52224fe","MEASC","2013","_Population","1084.7","0.0","0.0","0.0",""
"6c21c3ba-72b6-4a10-818e-03d93856c74f","MEASC","2014","_Proportion","16.0","3.8","12.1","19.8",""
"3f624a2a-b3f4-4b7d-b890-93d42d94fb5e","MEASC","2014","_ChangeInProportion","-2.1","6.0","-8.1","3.9",""
"55255f4a-a00f-4dfe-9c36-ce55789a2570","MEASC","2014","_Number","172.9","41.4","131.5","214.4",""
"b43d3703-8857-4d02-9da3-490c85733d94","MEASC","2014","_ChangeInNumber","-22.9","65.2","-88.1","42.3",""
"c75e1bb8-c7ab-4ef5-83f3-7af8e8e300b2","MEASC","2014","_Population","1083.9","0.0","0.0","0.0",""
"3ea5ce05-99f0-43bc-8556-29de410ec49d","MEASC","2015","_Proportion","17.5","4.3","13.2","21.8",""
"f052aa77-80b1-425d-8ef7-156be7313ec7","MEASC","2015","_ChangeInProportion","1.6","6.1","-4.6","7.7",""
"764674bb-1dc4-44ac-8938-c8396b1f3949","MEASC","2015","_Number","190.4","46.3","144.1","236.7",""
"37e6cdaa-3fe4-45bb-a5c8-361ab88da7ee","MEASC","2015","_ChangeInNumber","17.5","66.0","-48.5","83.5",""
"4d504fd8-7b42-47a3-8e9d-c66ef4b04a58","MEASC","2015","_Population","1087.1","0.0","0.0","0.0",""
"dc3e043d-ecdb-49fd-919d-d2365aa02f68","MEASC","2016","_Proportion","12.1","3.6","8.5","15.7",""
"dc163c7c-fb97-4fa1-9895-55f71d6f7f14","MEASC","2016","_ChangeInProportion","-5.4","5.8","-11.3","0.4",""
"022400c5-25f4-44ef-a83f-4d764ed88965","MEASC","2016","_Number","132.3","39.2","93.2","171.5",""
"b57ecd2d-e1de-4b62-9f18-3741e6e92baf","MEASC","2016","_ChangeInNumber","-58.1","63.5","-121.6","5.4",""
"bc9c42c4-e5d6-4cfc-a1cc-362a7977ba20","MEASC","2016","_Population","1093.2","0.0","0.0","0.0",""
"b982edcb-e6c1-4e40-bf9e-03df2d1f8a82","MEASC","2017","_Proportion","12.7","2.4","10.2","15.1",""
"d21a792e-d291-4984-a826-f95045d53657","MEASC","2017","_ChangeInProportion","0.5","4.6","-4.1","5.2",""
"1c804735-09b1-4a46-80b5-5185369839e1","MEASC","2017","_Number","139.6","26.5","113.1","166.1",""
"66c0deb2-cc8c-4b74-9901-3bbcf62860fa","MEASC","2017","_ChangeInNumber","7.3","50.3","-43.0","57.6",""
"208e8ade-f82c-49f9-bbf8-a91a41b534b6","MEASC","2017","_Population","1103.2","0.0","0.0","0.0",""
"e524a614-10f4-4aa9-b5f4-94f3d3cba17a","MEASC","2018","_Proportion","13.3","2.3","11.0","15.5",""
"61fdf1d2-9c72-45c5-94be-33c0fe8047e5","MEASC","2018","_ChangeInProportion","0.6","3.5","-2.9","4.1",""
"25c084d1-15d0-4ac4-a669-4f503d9cf44d","MEASC","2018","_Number","147.6","25.1","122.4","172.7",""
"a9d9e60b-e1dd-4b4b-8155-9df48f851bc9","MEASC","2018","_ChangeInNumber","8.0","38.2","-30.2","46.2",""
"95532ffa-2e10-43a8-a23a-b0742a44607c","MEASC","2018","_Population","1113.3","0.0","0.0","0.0",""
"723af369-411c-4b8b-b34d-233340c5011a","MEASC","2019","_Proportion","13.2","1.1","12.1","14.3",""
"3b567b45-b953-458d-b890-bade49f4292e","MEASC","2019","_ChangeInProportion","-0.1","2.6","-2.6","2.5",""
"94b4ae9e-ef40-4c9c-bc48-62f4929834da","MEASC","2019","_Number","149.4","12.2","137.2","161.6",""
"8de29010-e39a-4981-9698-f682e2902ed8","MEASC","2019","_ChangeInNumber","1.8","28.7","-26.9","30.5",""
"c41d2513-3647-4453-8900-388aa56f54f2","MEASC","2019","_Population","1132.2","0.0","0.0","0.0",""
"aba3f9c9-0a12-4502-8cd3-8afab10c5ee4","MEASC","2020","_Proportion","11.5","1.1","10.5","12.6",""
"84402698-d637-4337-9e48-18826821dd68","MEASC","2020","_ChangeInProportion","-1.7","1.5","-3.1","-0.2",""
"f36a9965-11ed-4f07-8be0-1abf9bdfc225","MEASC","2020","_Number","131.7","12.2","119.5","143.9",""
"f4f7bdb9-6daa-4108-a51e-f47ae2933979","MEASC","2020","_ChangeInNumber","-17.7","16.7","-34.5","-1.0",""
"72b7519e-0e4c-4891-b3ba-197a635f767c","MEASC","2020","_Population","1142.3","0.0","0.0","0.0",""
"498b9e02-b9b3-411c-b879-5fb886e458a0","MEASC","2021","_Proportion","11.0","1.0","10.0","11.9",""
"aa8671fe-5ff6-4140-9091-3f8dfcc01465","MEASC","2021","_ChangeInProportion","-0.6","1.4","-1.9","0.8",""
"795a9c07-c8e2-4e70-bd68-cee8383d7fbe","MEASC","2021","_Number","125.7","11.1","114.6","136.8",""
"d84e1a70-f454-4206-8fb9-e02a3a2c649e","MEASC","2021","_ChangeInNumber","-6.0","15.7","-21.7","9.7",""
"7f354bb5-5b44-41a1-ba13-e9d243ffb58c","MEASC","2021","_Population","1146.9","0.0","0.0","0.0",""
"db687c26-97ec-4026-9dd4-bf520521b63e","MEASC","2022","_Proportion","10.3","1.6","8.8","11.9",""
"bc9c9044-6225-4be0-a721-4200c4520770","MEASC","2022","_ChangeInProportion","-0.6","1.8","-2.5","1.2",""
"e6daa4a2-daac-4636-a232-4010acdd38c5","MEASC","2022","_Number","118.9","18.2","100.7","137.0",""
"0d988afc-abb2-4e50-b042-da4886d64131","MEASC","2022","_ChangeInNumber","-6.8","21.1","-27.9","14.3",""
"6d4b4343-424d-4d4e-952a-010c3526afab","MEASC","2022","_Population","1149.6","0.0","0.0","0.0",""
"1b71154d-be38-4be8-b83e-e818a538b12d","MEASE","2007","_Proportion","23.9","1.5","22.4","25.5",""
"69b9c91a-14b9-4c34-8e94-0a3e663d9964","MEASE","2007","_ChangeInProportion","0.0","0.0","0.0","0.0","A"
"9060522c-309e-4900-ad3b-0efdf0bbe429","MEASE","2007","_Number","256.8","16.5","240.3","273.3",""
"989ebecd-c776-4215-9442-d5d962d8abb2","MEASE","2007","_ChangeInNumber","0.0","0.0","0.0","0.0","A"
"466b56ba-187d-4e03-bd53-7bd81293df39","MEASE","2007","_Population","1073.4","0.0","0.0","0.0",""
"858852fe-1e97-4052-89a4-3b001311b3fe","MEASE","2008","_Proportion","23.4","1.3","22.0","24.7",""
"890bdd0c-cef1-4427-a2cf-c84e4f80d25d","MEASE","2008","_ChangeInProportion","-0.5","2.0","-2.5","1.5",""
"63809c9b-6f8a-4463-ad84-1dfaf5ae6a9f","MEASE","2008","_Number","251.8","14.5","237.3","266.3",""
"53640996-1a00-47e7-91b3-9d7e7cb6f5ce","MEASE","2008","_ChangeInNumber","-5.0","21.4","-26.4","16.4",""
"8cc10ca3-cd55-4f28-ba1b-7a4bd82407fc","MEASE","2008","_Population","1076.5","0.0","0.0","0.0",""
"21f31754-feac-4cf6-bf9a-c27dd8d654c5","MEASE","2009","_Proportion","22.2","1.3","20.9","23.5",""
"17cf4859-45ef-4cb5-ace9-d0777bf9fc0a","MEASE","2009","_ChangeInProportion","-1.2","1.8","-3.0","0.6",""
"25eb69db-78a4-47e1-aee5-6884f9f4b12a","MEASE","2009","_Number","239.5","14.2","225.4","253.7",""
"09374246-40e2-46dd-bd91-4962fc4f38de","MEASE","2009","_ChangeInNumber","-12.3","19.4","-31.7","7.1",""
"d5c5ac09-2292-44a8-bd99-26d847b59967","MEASE","2009","_Population","1078.1","0.0","0.0","0.0",""
"8429354e-0c42-4e23-be78-b10667e34dfb","MEASE","2010","_Proportion","22.4","1.5","20.9","23.9",""
"96a7565c-40b9-4835-b7fd-9671ad4375ef","MEASE","2010","_ChangeInProportion","0.2","1.9","-1.7","2.1",""
"dda177d3-80ff-4238-8d13-a9199352801d","MEASE","2010","_Number","242.4","16.3","226.2","258.7",""
"db2bb4b2-f89c-44b5-a0e9-df9f58c6c686","MEASE","2010","_ChangeInNumber","2.9","20.5","-17.6","23.4",""
"39ea8c19-6689-42b5-a7b8-b10c54434e64","MEASE","2010","_Population","1082.6","0.0","0.0","0.0",""
"4aa3d0c4-da85-4928-b800-a4cb28d10f9e","MEASE","2011","_Proportion","23.3","1.5","21.8","24.8",""
"8d3659f0-43d6-4600-8404-3aca4bfc0f17","MEASE","2011","_ChangeInProportion","0.9","2.0","-1.0","2.9",""
"01768790-7423-4553-b825-26359566fc77","MEASE","2011","_Number","253.4","16.2","237.2","269.7",""
"e2e4f850-423b-40e4-bd74-1fad408c7b3e","MEASE","2011","_ChangeInNumber","11.0","21.3","-10.3","32.3",""
"55159cef-f902-4b64-975a-5325ca5e665d","MEASE","2011","_Population","1086.9","0.0","0.0","0.0",""
"1646b464-a85e-4f76-af8b-18a7b672755d","MEASE","2012","_Proportion","23.3","1.3","22.0","24.6",""
"79ad6312-f80a-4e3f-a784-de92522c10fc","MEASE","2012","_ChangeInProportion","0.0","2.2","-2.2","2.1",""
"e6da7632-50fd-4e53-b93a-36da27f85043","MEASE","2012","_Number","252.8","13.9","238.9","266.7",""
"11b2d481-fca6-4141-9f61-f0bae77f46f0","MEASE","2012","_ChangeInNumber","-0.6","23.5","-24.1","22.9",""
"9b7d633c-2b8c-485f-bead-f3a26e4ccada","MEASE","2012","_Population","1085.9","0.0","0.0","0.0",""
"01a7fd15-8211-440e-af52-51175a00f560","MEASE","2013","_Proportion","23.6","1.4","22.2","24.9",""
"a4205399-c486-496e-bdaf-4bf4e0833299","MEASE","2013","_ChangeInProportion","0.3","1.7","-1.5","2.0",""
"f77ec9b6-34d5-482d-be22-d0001d865b8c","MEASE","2013","_Number","255.5","14.8","240.6","270.3",""
"e18cb6c5-72cf-43ca-a8ef-f29c0013652a","MEASE","2013","_ChangeInNumber","2.7","18.9","-16.2","21.6",""
"cf65c064-1cf0-4779-9b0b-70f259d286ba","MEASE","2013","_Population","1084.7","0.0","0.0","0.0",""
"db3acb5f-e895-4c9f-ac31-ebef7545968d","MEASE","2014","_Proportion","23.4","1.3","22.1","24.7",""
"f2a8681c-3d56-4eed-b6ca-4542c5a250cf","MEASE","2014","_ChangeInProportion","-0.1","1.9","-2.0","1.8",""
"5035d75c-0c34-4ff7-96f0-1d93fa49a0c8","MEASE","2014","_Number","253.9","14.3","239.6","268.1",""
"a357f58b-4f44-4fa6-96e7-5432cf04c219","MEASE","2014","_ChangeInNumber","-1.6","20.4","-22.0","18.8",""
"acef5d8c-727b-4128-b747-e9e16b744e9e","MEASE","2014","_Population","1083.9","0.0","0.0","0.0",""
"0c77c167-ffd1-4310-ae5f-c5bae598ee25","MEASE","2015","_Proportion","24.6","1.3","23.4","25.9",""
"2068195d-c5eb-4da7-bf54-5010c34a7d08","MEASE","2015","_ChangeInProportion","1.2","1.8","-0.6","3.0",""
"969fc262-b602-4e70-b3ff-98a248f74413","MEASE","2015","_Number","267.9","13.9","254.0","281.8",""
"8eab33c7-6e04-4176-9dd8-57eb03b878a1","MEASE","2015","_ChangeInNumber","14.0","19.6","-5.6","33.6",""
"dc8e482b-8569-4d2b-997d-4794e6cbe438","MEASE","2015","_Population","1087.2","0.0","0.0","0.0",""
"45022fc4-b317-4416-9315-8053531d31d4","MEASE","2016","_Proportion","23.3","1.2","22.0","24.5",""
"c09d7337-352e-48cc-96b2-b0311232e344","MEASE","2016","_ChangeInProportion","-1.4","1.7","-3.1","0.3",""
"d56fd151-469c-4b55-830a-86babfccb75b","MEASE","2016","_Number","254.4","13.5","240.9","267.8",""
"5a46f90f-70a7-4a5d-9a46-068d560ecdbc","MEASE","2016","_ChangeInNumber","-13.5","18.7","-32.2","5.2",""
"f1f99d8b-a325-4ddf-a08f-01227ba5e6ad","MEASE","2016","_Population","1093.2","0.0","0.0","0.0",""
"da34a66d-f0bc-4776-a176-211e46cb47f7","MEASE","2017","_Proportion","22.1","1.3","20.7","23.4",""
"4dd4affe-c32c-4e0a-a98a-b06d9ab3f8a2","MEASE","2017","_ChangeInProportion","-1.2","1.9","-3.1","0.6",""
"467b2669-c9f5-4c30-a680-26cb7661106e","MEASE","2017","_Number","243.3","14.4","228.9","257.7",""
"8a30689a-8f18-43c5-8c10-45c37ec8d837","MEASE","2017","_ChangeInNumber","-11.1","20.3","-31.4","9.2",""
"e516899c-b9ca-4711-9e67-3e8a224f2fdd","MEASE","2017","_Population","1103.2","0.0","0.0","0.0",""
"ebbd9a8d-ea00-4d86-9bb2-d77912600df8","MEASE","2018","_Proportion","25.3","1.2","24.0","26.5",""
"58c10006-1a8f-4cf1-8b6a-5950207654df","MEASE","2018","_ChangeInProportion","3.2","1.8","1.4","5.0",""
"8f43b5fb-f1db-4681-b26d-235b15a2bdbf","MEASE","2018","_Number","281.2","13.6","267.6","294.9",""
"dca4d66e-23b5-4115-946f-2ed468594937","MEASE","2018","_ChangeInNumber","37.9","20.3","17.6","58.2",""
"471f8eda-0720-4919-a020-2171f54b59b0","MEASE","2018","_Population","1113.3","0.0","0.0","0.0",""
"50f88096-576a-4257-80d8-5538dde70cef","MEASE","2019","_Proportion","22.1","1.1","21.0","23.2",""
"104ebc9b-b8ba-4c7c-ae68-20c678adc441","MEASE","2019","_ChangeInProportion","-3.2","1.8","-4.9","-1.4",""
"d0a03b59-b357-47be-979c-87f91671a57f","MEASE","2019","_Number","250.3","12.6","237.7","262.8",""
"917e5f6a-37c8-47bb-9e43-72b056e12bf7","MEASE","2019","_ChangeInNumber","-30.9","19.7","-50.6","-11.2",""
"9bf8ea2a-873d-453a-a6bc-f087df5e45e2","MEASE","2019","_Population","1132.8","0.0","0.0","0.0",""
"9ac4ebc0-606d-4780-ab1e-fe82cd0b5f79","MEASE","2020","_Proportion","21.8","1.5","20.3","23.2",""
"71112a58-c4bb-4659-972b-5b76379ca7b0","MEASE","2020","_ChangeInProportion","-0.3","1.9","-2.3","1.6",""
"e182d3c0-4f90-4c7b-adcc-633539431bf1","MEASE","2020","_Number","248.9","16.9","232.0","265.7",""
"45ac4d92-7f17-4718-a9d1-d13842c4f709","MEASE","2020","_ChangeInNumber","-1.4","21.8","-23.2","20.4",""
"55d066cc-366e-438a-8cfc-a8811450c78e","MEASE","2020","_Population","1144.1","0.0","0.0","0.0",""
"1ead12f3-597d-49b1-88f4-b2bbd5a5e3b2","MEASE","2021","_Proportion","20.7","1.3","19.3","22.0",""
"6c9d1a35-9ca3-4748-ae3d-fb2cb21af0bc","MEASE","2021","_ChangeInProportion","-1.1","1.8","-2.9","0.7",""
"374a4db4-34bc-4566-accf-934963048ede","MEASE","2021","_Number","237.3","15.4","221.9","252.8",""
"da63b0c0-b2be-43ca-b92d-0a3a91b9e010","MEASE","2021","_ChangeInNumber","-11.6","20.6","-32.1","9.0",""
"70d3a650-65a5-4a35-8318-aeb2f1bea10d","MEASE","2021","_Population","1149.2","0.0","0.0","0.0",""
"73458313-d3ba-4376-a9bf-be92e9960bc7","MEASE","2022","_Proportion","20.7","2.1","18.6","22.8",""
"29cb4786-88f8-44dc-8da6-b05fbe975cd4","MEASE","2022","_ChangeInProportion","0.1","2.3","-2.2","2.4",""
"277d0230-51e5-4f9f-bd67-34360cec9ae6","MEASE","2022","_Number","238.7","24.1","214.6","262.9",""
"19cf28ae-3b62-41d2-acb0-adfd30038a9f","MEASE","2022","_ChangeInNumber","1.4","26.8","-25.4","28.2",""
"9ad091fd-1d95-4e03-81d7-1921aa0cf499","MEASE","2022","_Population","1150.7","0.0","0.0","0.0",""
"9e559c32-08dd-435c-ad58-f4b7f6cbf6e9","MEASF","2007","_Proportion","29.3","2.9","26.4","32.2",""
"4312bfda-6b89-4726-8b97-896380d87705","MEASF","2007","_ChangeInProportion","0.0","0.0","0.0","0.0","A"
"a567d816-fa0f-4a5c-bee3-d13478c625fd","MEASF","2007","_Number","314.2","31.2","283.0","345.4",""
"5c95f64a-6e40-4044-badd-97d89641c46a","MEASF","2007","_ChangeInNumber","0.0","0.0","0.0","0.0","A"
"04d1a06e-1a3f-4f3b-8e3e-532a9783d5cd","MEASF","2007","_Population","1073.4","0.0","0.0","0.0",""
"6048d4cc-2a97-4e85-aa2d-72e40748831b","MEASF","2008","_Proportion","33.0","3.4","29.6","36.4",""
"0eda16c0-31b6-4e70-ab14-f2e34e321330","MEASF","2008","_ChangeInProportion","3.7","4.7","-0.9","8.4",""
"a15156af-c42e-4fbe-a9d7-29481ba35127","MEASF","2008","_Number","355.2","36.4","318.8","391.7",""
"daf647d3-9c7f-40c0-9900-ba0cca0305c3","MEASF","2008","_ChangeInNumber","41.0","49.6","-8.6","90.6",""
"0f50c857-e261-4d1e-bedf-afdf5680568e","MEASF","2008","_Population","1076.5","0.0","0.0","0.0",""
"a736180b-65c6-4125-9f74-1a41a5958e56","MEASF","2009","_Proportion","31.4","3.1","28.4","34.5",""
"f0c98b2e-4ae6-4d48-8386-35f501d6a940","MEASF","2009","_ChangeInProportion","-1.6","4.6","-6.2","3.0",""
"65be8a49-d7a4-4e51-b078-5fda1846ab53","MEASF","2009","_Number","338.7","33.2","305.5","371.8",""
"ec75a008-2396-441e-99f3-97e5acee9578","MEASF","2009","_ChangeInNumber","-16.5","50.0","-66.5","33.5",""
"1128a729-0f02-4060-aa89-48d22bec3d92","MEASF","2009","_Population","1078.1","0.0","0.0","0.0",""
"69a04509-80d9-4326-9e50-7c8f94b21063","MEASF","2010","_Proportion","29.7","2.6","27.1","32.4",""
"6b0233e5-8c6b-4182-a78e-8578142f531f","MEASF","2010","_ChangeInProportion","-1.7","4.0","-5.7","2.3",""
"0b7f70ee-20e9-4b23-a36d-7e5a40c80bd1","MEASF","2010","_Number","321.9","28.5","293.4","350.5",""
"014cb157-acce-49a8-b478-7d3fbba35509","MEASF","2010","_ChangeInNumber","-16.8","43.0","-59.8","26.2",""
"dfba0467-d534-4273-ae2a-4a19ef65c41c","MEASF","2010","_Population","1082.6","0.0","0.0","0.0",""
"ccaeda16-eecb-4417-8e51-d9f9e684d43f","MEASF","2011","_Proportion","30.2","3.1","27.1","33.3",""
"61879ca1-79fa-4630-a0c3-234c716b5a42","MEASF","2011","_ChangeInProportion","0.5","4.1","-3.6","4.5",""
"d67d1556-39c5-4c3f-b3b3-f8f9e75d185a","MEASF","2011","_Number","328.1","32.8","295.3","360.9",""
"f823688a-e375-498d-99ed-c8069aae036d","MEASF","2011","_ChangeInNumber","6.2","43.6","-37.4","49.8",""
"aa1c6096-9ed6-4d36-bd8a-36159aeade51","MEASF","2011","_Population","1086.9","0.0","0.0","0.0",""
"75ecba7d-3e75-4047-8dad-c3b8e2d690d7","MEASF","2012","_Proportion","28.9","2.7","26.2","31.7",""
"5362eea8-6ddc-4b15-8ffa-7e2390ede80a","MEASF","2012","_ChangeInProportion","-1.2","4.2","-5.4","2.9",""
"6448f328-796c-424e-8590-c51b6de096f0","MEASF","2012","_Number","314.3","30.1","284.2","344.4",""
"db306a45-0704-4508-91f4-4d545d153472","MEASF","2012","_ChangeInNumber","-13.8","44.8","-58.6","31.0",""
"e7535afb-545e-4182-97f3-f667455babdd","MEASF","2012","_Population","1085.9","0.0","0.0","0.0",""
"54849b45-781d-4e2a-9efd-a8181f3f8515","MEASF","2013","_Proportion","29.3","3.0","26.4","32.3",""
"d2dc3dac-9a6c-4f61-b995-f839760ae21b","MEASF","2013","_ChangeInProportion","0.4","4.2","-3.8","4.6",""
"de2b898d-db13-4ec9-ad81-488ed40e2005","MEASF","2013","_Number","318.3","32.1","286.1","350.4",""
"47dcfc0a-8df6-4124-9ad5-9dfe0a701f92","MEASF","2013","_ChangeInNumber","4.0","45.5","-41.5","49.5",""
"23b57333-4a19-4bc1-8837-3cc3f8199618","MEASF","2013","_Population","1084.7","0.0","0.0","0.0",""
"6595896a-7cd9-4992-8ba5-af1cc820b648","MEASF","2014","_Proportion","29.3","2.9","26.4","32.2",""
"82d36f45-37ba-4426-aead-8113e65fcdcc","MEASF","2014","_ChangeInProportion","0.0","4.2","-4.3","4.2",""
"351cee10-e195-42e2-a974-75f3c200f10f","MEASF","2014","_Number","317.8","31.8","285.9","349.6",""
"c87e991a-004f-4025-8596-10dcf3aa83c5","MEASF","2014","_ChangeInNumber","-0.5","46.1","-46.6","45.6",""
"159dc7cf-72fa-4c68-bf38-72a3fba4cc05","MEASF","2014","_Population","1083.9","0.0","0.0","0.0",""
"72ecdeff-a1af-460a-8d2f-76e92d022094","MEASF","2015","_Proportion","30.5","3.3","27.2","33.7",""
"3554d2d1-cb11-4420-83a7-90380d9ea22d","MEASF","2015","_ChangeInProportion","1.1","4.3","-3.1","5.4",""
"935aa27e-8c57-404f-b343-4a0c28f27ba4","MEASF","2015","_Number","331.2","34.3","296.9","365.4",""
"e682c7bd-0736-4dcd-9f24-a34e7ae8c5cd","MEASF","2015","_ChangeInNumber","13.4","46.0","-32.6","59.4",""
"d78a2e0c-cd9b-4db2-91a8-f33793433eec","MEASF","2015","_Population","1087.1","0.0","0.0","0.0",""
"de0fe1e4-c032-4efb-b594-0fb38df7d547","MEASF","2016","_Proportion","29.8","2.4","27.4","32.2",""
"8ba20f9f-3d40-487f-8800-1152db3966a0","MEASF","2016","_ChangeInProportion","-0.7","3.8","-4.5","3.1",""
"99418d39-c225-4bb2-9ab7-b4c25c2c537a","MEASF","2016","_Number","325.7","26.7","299.0","352.4",""
"d161f4e3-303b-4dff-917d-2e2a35bb4adc","MEASF","2016","_ChangeInNumber","-5.5","40.5","-46.0","35.0",""
"3caccc83-f535-49d4-9278-b7fdb3dc3261","MEASF","2016","_Population","1093.2","0.0","0.0","0.0",""
"cafc68a3-5c13-48e1-9d3c-97fe819a23ea","MEASF","2017","_Proportion","28.4","2.6","25.8","31.0",""
"c8d89b97-a7ef-4292-bd17-3065aa13dca1","MEASF","2017","_ChangeInProportion","-1.4","3.7","-5.0","2.3",""
"3f7c4e0e-cdc1-4007-955d-b0f21b7a5b6e","MEASF","2017","_Number","313.6","28.3","285.3","342.0",""
"4b5226bc-bb14-4430-9ac1-5497aa61c291","MEASF","2017","_ChangeInNumber","-12.1","39.8","-51.9","27.7",""
"4902bfaa-f59b-4cfd-8705-0955d334241b","MEASF","2017","_Population","1103.2","0.0","0.0","0.0",""
"b17a17d2-a61e-416f-87aa-ad01ae52c9d5","MEASF","2018","_Proportion","30.6","2.4","28.3","33.0",""
"bf330695-92f8-4867-b31e-8cf647b74cb7","MEASF","2018","_ChangeInProportion","2.2","3.2","-1.0","5.4",""
"485420c7-d03f-4b93-a948-1fb1167768f9","MEASF","2018","_Number","341.1","26.5","314.6","367.7",""
"9ece8399-5447-495d-8aca-4ce9fb665c1b","MEASF","2018","_ChangeInNumber","27.5","35.3","-7.8","62.8",""
"68ba8c8c-ced2-4027-a216-f5c48ae67062","MEASF","2018","_Population","1113.3","0.0","0.0","0.0",""
"7355a4e4-bd63-4436-87be-4aa2e9db49f2","MEASF","2019","_Proportion","27.7","1.2","26.5","28.8",""
"bab3e0eb-4e7c-47be-b02a-07adfd0a512d","MEASF","2019","_ChangeInProportion","-3.0","3.1","-6.05","0.1",""
"b86ab73a-d19c-4240-9660-eb4ca0fe2061","MEASF","2019","_Number","313.2","13.5","299.7","326.8",""
"d741f379-9d29-462e-9871-c8f855fe5cbd","MEASF","2019","_ChangeInNumber","-27.9","34.7","-62.6","6.8",""
"69859b97-fd0a-48bb-b0c7-40875fd6e153","MEASF","2019","_Population","1132.8","0.0","0.0","0.0",""
"d227a443-bd30-4c89-ac53-431c0fbf10e0","MEASF","2020","_Proportion","27.8","1.6","26.2","29.4",""
"27a02e50-7f38-4b5d-abe1-dda1a4cd1f9f","MEASF","2020","_ChangeInProportion","0.2","2.1","-2.0","2.3",""
"10dc994a-ec14-4a87-9bac-d20ce2d7e99c","MEASF","2020","_Number","318.1","18.4","299.7","336.6",""
"dec40900-da22-46d9-9613-fd4b458d6025","MEASF","2020","_ChangeInNumber","4.9","24.0","-19.1","28.9",""
"d0a1dfe7-22dd-4d21-87f3-a22ca5c363b7","MEASF","2020","_Population","1144.1","0.0","0.0","0.0",""
"e719ef6a-b97a-43b9-9699-4228b8aa39a1","MEASF","2021","_Proportion","27.5","1.5","26.0","28.9",""
"3c5aa68f-e948-433f-8a42-9e7cfbf59ac6","MEASF","2021","_ChangeInProportion","-0.3","2.1","-2.5","1.8",""
"5ea14e48-4ace-4d71-88f0-26749d9a22e8","MEASF","2021","_Number","315.6","16.8","298.7","332.4",""
"66292a9b-10d7-4d38-8e7e-6218a6e1a901","MEASF","2021","_ChangeInNumber","-2.5","24.4","-27.0","21.9",""
"00d08e72-9186-485f-a678-2fce3b058b1c","MEASF","2021","_Population","1149.2","0.0","0.0","0.0",""
"05a1fd34-af89-4b02-870e-079f605b67c4","MEASF","2022","_Proportion","28.5","2.4","26.1","30.9",""
"ced1f6d1-d9d5-41ca-9223-d17a106e2b6d","MEASF","2022","_ChangeInProportion","1.0","2.9","-1.8","3.9",""
"ba613bba-b514-4e3f-9d60-269387359a2f","MEASF","2022","_Number","327.9","27.8","300.1","355.7",""
"0479a989-b993-4d20-885e-13e49565b5e1","MEASF","2022","_ChangeInNumber","12.3","32.8","-20.5","45.1",""
"314ab310-2565-44d3-a777-0f23f8efe3ba","MEASF","2022","_Population","1150.7","0.0","0.0","0.0",""
"25b320bd-4f32-4c98-bc6a-d942cfad74ee","MEASG","2007","_Proportion","22.4","2.9","19.5","25.3",""
"47eb8a92-d903-4143-ab68-e92b81be5e70","MEASG","2007","_ChangeInProportion","0.0","0.0","0.0","0.0","A"
"d9e743d1-fb42-4483-8006-436e4606b748","MEASG","2007","_Number","240.5","31.2","209.3","271.6",""
"a1657bf4-b74b-4a28-86f9-4e36f71e86f8","MEASG","2007","_ChangeInNumber","0.0","0.0","0.0","0.0","A"
"f32c11bf-6527-4459-9fa7-5edb280b937a","MEASG","2007","_Population","1073.4","0.0","0.0","0.0",""
"f1ceac1b-74bd-48f0-8e1b-ff7d2c86d68e","MEASG","2008","_Proportion","23.9","2.8","21.2","26.7",""
"6e9ae3fe-65f2-421c-9cac-4c933726d66c","MEASG","2008","_ChangeInProportion","1.5","4.2","-2.7","5.8",""
"dbfbb195-b409-425b-a161-fa8cb9a3f65b","MEASG","2008","_Number","257.8","29.9","227.9","287.7",""
"a817da8b-1f72-4868-b409-19243c78bd4e","MEASG","2008","_ChangeInNumber","17.3","45.5","-28.2","62.8",""
"1e50e6e5-12ce-4d1d-a624-aa97220394f2","MEASG","2008","_Population","1076.5","0.0","0.0","0.0",""
"7aa1d907-c3ff-4f26-aebc-6103fce9dab4","MEASG","2009","_Proportion","23.8","2.8","21.0","26.6",""
"8c207254-16a4-4a0c-82f4-083a6b2ab469","MEASG","2009","_ChangeInProportion","-0.2","4.0","-4.1","3.8",""
"9e1def31-756c-488d-976e-4a1a65650a97","MEASG","2009","_Number","256.3","30.0","226.3","286.3",""
"1baffade-1b77-4cd0-966c-1fe3eec873ca","MEASG","2009","_ChangeInNumber","-1.5","43.0","-44.5","41.5",""
"7c10bca9-3d2a-433e-8516-f9cc93cb4bff","MEASG","2009","_Population","1078.1","0.0","0.0","0.0",""
"40b45474-dfe9-440c-8831-619e90485a7d","MEASG","2010","_Proportion","21.9","2.7","19.2","24.6",""
"2fa5957c-914b-40be-b573-dbddf521bc26","MEASG","2010","_ChangeInProportion","-1.8","4.1","-5.9","2.3",""
"c0b12584-3384-43d2-9ff5-cd75cc414c21","MEASG","2010","_Number","237.4","29.0","208.4","266.4",""
"5876baa6-b9fc-4fac-bc1d-1869aa35d0b5","MEASG","2010","_ChangeInNumber","-18.9","44.3","-63.2","25.4",""
"8d2e0afa-3528-4861-870b-0cc5ede760ca","MEASG","2010","_Population","1082.6","0.0","0.0","0.0",""
"3128654f-1350-471c-a41f-ec6843cae35a","MEASG","2011","_Proportion","21.9","2.6","19.3","24.5",""
"9b89d844-f03e-4516-9a2f-f8a2d0dbfe51","MEASG","2011","_ChangeInProportion","0.0","3.8","-3.9","3.8",""
"43114e49-0ac2-4e6a-9259-93b60f3cbb6a","MEASG","2011","_Number","238.0","27.3","210.6","265.3",""
"e7b5c533-a4ee-45fb-a9be-0f6212fd3350","MEASG","2011","_ChangeInNumber","0.6","40.9","-40.3","41.5",""
"515bdf4c-56fa-47c7-9f35-73ce4463419a","MEASG","2011","_Population","1086.9","0.0","0.0","0.0",""
"a91c5e75-7a5e-4d55-8ada-50ea1e430632","MEASG","2012","_Proportion","22.2","2.8","19.4","25.0",""
"8e4b9851-843f-40a3-b763-3014bc363119","MEASG","2012","_ChangeInProportion","0.3","3.9","-3.6","4.2",""
"b98b158a-78b9-4be4-9666-581f1e4a99e9","MEASG","2012","_Number","240.7","30.8","209.9","271.5",""
"1ddc67d7-c671-4180-96e6-258d3f468e5e","MEASG","2012","_ChangeInNumber","2.7","42.5","-39.8","45.2",""
"373a5e5a-7d77-4f98-83b8-64f3f78a0c77","MEASG","2012","_Population","1085.9","0.0","0.0","0.0",""
"cf38a36c-bcd0-4565-8a05-84ede4be7f18","MEASG","2013","_Proportion","21.9","2.5","19.4","24.4",""
"2f448e05-2002-41ab-896f-3fe0e37ccf84","MEASG","2013","_ChangeInProportion","-0.3","3.5","-3.8","3.3",""
"14c8cc69-ffe0-4818-8cb6-8c5d6c5f40c2","MEASG","2013","_Number","237.6","27.3","210.3","264.9",""
"27a81a26-a4d7-4487-aafb-cecc77332917","MEASG","2013","_ChangeInNumber","-3.1","38.5","-41.6","35.4",""
"cd3b20a4-d927-4f16-a120-7cbd78fdc35f","MEASG","2013","_Population","1084.7","0.0","0.0","0.0",""
"6dde38b1-0f3f-4f5d-a8d7-d70652640227","MEASG","2014","_Proportion","23.0","2.8","20.2","25.7",""
"8a983f30-efae-48e2-8fb1-4986fcfe01e6","MEASG","2014","_ChangeInProportion","1.0","4.1","-3.0","5.1",""
"56341241-0079-45ec-8a5b-0d217826f7c4","MEASG","2014","_Number","248.8","30.0","218.8","278.9",""
"9dddd20e-34d5-4528-8afc-344140bc7651","MEASG","2014","_ChangeInNumber","11.2","44.3","-33.1","55.5",""
"c0f6e65b-bdf1-441e-9655-6b1f2054797d","MEASG","2014","_Population","1083.9","0.0","0.0","0.0",""
"973bcf2d-a497-47f6-95a9-ad183b15a11d","MEASG","2015","_Proportion","23.8","2.2","21.5","26.0",""
"e26d759f-b306-441d-bfd2-c2664c1b0a95","MEASG","2015","_ChangeInProportion","0.8","3.4","-2.5","4.2",""
"f42db050-5542-423d-a6cf-dcb785f0239b","MEASG","2015","_Number","258.5","23.8","234.8","282.3",""
"0462a895-3391-4ecb-8ed6-033f06875b02","MEASG","2015","_ChangeInNumber","9.7","36.6","-26.9","46.3",""
"8d932b3c-fb8b-471c-bf47-73503d1785f9","MEASG","2015","_Population","1087.1","0.0","0.0","0.0",""
"d560ca50-945c-4cde-8ce9-413791150f64","MEASG","2016","_Proportion","22.3","2.1","20.2","24.4",""
"85a89710-99d1-418d-9be3-f19a71682ac3","MEASG","2016","_ChangeInProportion","-1.4","3.2","-4.6","1.7",""
"0fc5c818-ad9d-4aef-adfb-542df334dd44","MEASG","2016","_Number","244.2","23.3","220.9","267.4",""
"c20e370c-7882-434b-adb2-de19f77bd259","MEASG","2016","_ChangeInNumber","-14.3","34.1","-48.4","19.8",""
"7dab086d-350f-4bd6-9bff-1e613b310474","MEASG","2016","_Population","1093.2","0.0","0.0","0.0",""
"92e2d452-3ffd-4f50-a8ae-6c94e579ea0e","MEASG","2017","_Proportion","21.4","2.1","19.2","23.5",""
"d767051e-99c7-4d45-95ff-dc43c04faac4","MEASG","2017","_ChangeInProportion","-1.0","3.0","-4.0","2.0",""
"d135e1a0-8fa1-4282-8078-cf1bcb29d7d5","MEASG","2017","_Number","235.6","23.6","212.0","259.3",""
"908148d5-ada3-4217-ab50-8d351141c33b","MEASG","2017","_ChangeInNumber","-8.6","33.0","-41.6","24.4",""
"a949853a-82a0-4bcc-831e-33cd910ff05d","MEASG","2017","_Population","1103.2","0.0","0.0","0.0",""
"9ee5ffe5-68b7-4df6-8f67-070e8e5a08f8","MEASG","2018","_Proportion","22.8","1.9","20.9","24.7",""
"25a49f30-723c-4261-bf25-497f3213f7b4","MEASG","2018","_ChangeInProportion","1.4","2.6","-1.1","4.0",""
"caaaaa3b-8d0b-4b27-9df3-0ee165df972b","MEASG","2018","_Number","253.8","21.6","232.3","275.4",""
"e8799a98-1bd4-4673-b221-42f518677b44","MEASG","2018","_ChangeInNumber","18.2","28.8","-10.6","47.0",""
"e25ea1cd-a066-45c4-86c7-9a68b8c22918","MEASG","2018","_Population","1113.3","0.0","0.0","0.0",""
"202e87d3-fa16-4c22-924c-172df50e5d3a","MEASG","2019","_Proportion","20.1","1.2","19.0","21.3",""
"9dd13f9c-9b90-4f8e-a82c-ccdcb6838147","MEASG","2019","_ChangeInProportion","-2.7","2.5","-5.2","-0.2",""
"81ccdb74-16a3-48c1-8ba2-5b9a6a0f0dfd","MEASG","2019","_Number","227.9","13.2","214.7","241.1",""
"bb5448f4-b81b-469d-9aa5-2823833aee64","MEASG","2019","_ChangeInNumber","-25.9","29.7","-53.8","2.0",""
"a6e9ade6-b3f2-4826-a17b-a3843a6a5c0a","MEASG","2019","_Population","1132.8","0.0","0.0","0.0",""
"f2401044-d461-4567-96ef-d724b8a60b49","MEASG","2020","_Proportion","19.5","1.3","18.2","20.8",""
"0d3123a2-eccc-4a06-ab91-563349067ea5","MEASG","2020","_ChangeInProportion","-0.6","1.8","-2.5","1.2",""
"379b1b5d-86d0-4dcf-85e9-e6792d192e4d","MEASG","2020","_Number","222.8","14.8","207.9","237.6",""
"5f2bd420-5f07-411e-8fde-c7a0b7d75917","MEASG","2020","_ChangeInNumber","-5.1","20.8","-25.9","15.7",""
"df771dde-28e6-4b10-af54-5a0ce42dc89b","MEASG","2020","_Population","1144.1","0.0","0.0","0.0",""
"60ca30bb-6c08-4a9c-b83f-6ee81784b373","MEASG","2021","_Proportion","19.6","1.4","18.2","20.9",""
"fe84ae09-d2b1-4dc0-bdc7-568a5c81dc5d","MEASG","2021","_ChangeInProportion","0.1","1.8","-1.7","1.9",""
"95f27011-833e-48ff-ad22-0b73eaa8a454","MEASG","2021","_Number","225.2","15.6","209.6","240.7",""
"3aebc268-e3a6-46f7-bb59-e9574a156c06","MEASG","2021","_ChangeInNumber","2.4","20.9","-18.5","23.3",""
"6646a641-cba0-4659-a3b0-da5366fd011d","MEASG","2021","_Population","1149.2","0.0","0.0","0.0",""
"3c003205-925e-4e82-bd8d-447ed8a44af9","MEASG","2022","_Proportion","19.4","2.1","17.3","21.5",""
"0013c3b4-9752-493c-bc73-4d098410e8d4","MEASG","2022","_ChangeInProportion","-0.2","2.4","-2.6","2.3",""
"58afcd8f-7079-435a-b051-9c9ce4db957e","MEASG","2022","_Number","223.7","24.2","199.4","247.9",""
"2dd2a1f5-7705-47c8-86e2-b46bc7f54ae7","MEASG","2022","_ChangeInNumber","-1.5","28.0","-29.5","26.5",""
"9baeec3b-0591-4cc1-800c-951ea553e6f2","MEASG","2022","_Population","1150.7","0.0","0.0","0.0",""
"3ff4ab35-8bc8-4929-b15f-119fdff94fd5","MEASH","2007","_Proportion","15.3","2.8","12.5","18.1",""
"546c17a0-04fb-4728-8598-ef161313786f","MEASH","2007","_ChangeInProportion","0.0","0.0","0.0","0.0","A"
"0fe3ce34-e3dd-48e6-a5c6-8baa28625373","MEASH","2007","_Number","163.9","30.3","133.6","194.2",""
"8afc3b34-a8ef-4b1b-9737-890fd9926911","MEASH","2007","_ChangeInNumber","0.0","0.0","0.0","0.0","A"
"fa9e0a9a-3aca-4d5c-843b-99800b5bd9b5","MEASH","2007","_Population","1073.4","0.0","0.0","0.0",""
"c376042a-9123-4630-b066-4909be4ec177","MEASH","2008","_Proportion","14.5","2.2","12.2","16.7",""
"0c313ecc-07be-4d25-9f3f-a6272ecfdd5a","MEASH","2008","_ChangeInProportion","-0.8","3.6","-4.4","2.8",""
"ee673ed8-317c-4551-a9d1-5e6e462f31e9","MEASH","2008","_Number","155.9","24.0","131.9","179.9",""
"55a28ad9-2a10-4a8c-a506-d85a4bfbc87a","MEASH","2008","_ChangeInNumber","-8.0","38.3","-46.3","30.3",""
"5f1d6b68-0cbf-40ca-ab1e-f28ec1512172","MEASH","2008","_Population","1076.5","0.0","0.0","0.0",""
"c2c90b4d-3963-47c0-9059-f56024666d23","MEASH","2009","_Proportion","15.3","2.3","13.0","17.6",""
"08aa2f7c-12ce-4923-9515-d9883740ad4b","MEASH","2009","_ChangeInProportion","0.8","3.2","-2.3","4.0",""
"3e712727-0718-4e84-b943-f1477ab4787c","MEASH","2009","_Number","165.2","25.2","140.0","190.4",""
"7d8628d5-612d-4523-bb3e-8fbff2de9369","MEASH","2009","_ChangeInNumber","9.3","34.5","-25.2","43.8",""
"c2dbcc18-8659-4663-9de4-7f95c600929e","MEASH","2009","_Population","1078.1","0.0","0.0","0.0",""
"99cbfffd-d5c3-4390-9677-b2cd61eb7e6d","MEASH","2010","_Proportion","14.8","2.3","12.5","17.1",""
"a0df5ba6-d551-40cb-a4e5-56da9f5b7be2","MEASH","2010","_ChangeInProportion","-0.5","3.2","-3.7","2.7",""
"9ed3bfd8-f54a-4bec-9030-cf5dcd69e4ba","MEASH","2010","_Number","160.4","25.3","135.1","185.7",""
"f2b20362-4321-4458-9702-98cd792cd1e0","MEASH","2010","_ChangeInNumber","-4.8","35.2","-40.0","30.4",""
"69938f5c-6cf9-43ec-a300-307ff4594fa5","MEASH","2010","_Population","1082.6","0.0","0.0","0.0",""
"7e479b18-30db-43cc-842a-68d6af8001a8","MEASH","2011","_Proportion","16.1","2.2","13.9","18.4",""
"0aab788a-9a04-460f-bfe9-a1c323ac6a03","MEASH","2011","_ChangeInProportion","1.3","3.0","-1.7","4.3",""
"f290f4b6-ff2d-4450-91ab-8ad9949f7a84","MEASH","2011","_Number","175.5","24.0","151.5","199.5",""
"69505608-3ba7-48cb-a8af-112099cdf772","MEASH","2011","_ChangeInNumber","15.1","32.8","-17.7","47.9",""
"35871678-74e9-4abe-8935-881be4fcc37c","MEASH","2011","_Population","1086.9","0.0","0.0","0.0",""
"57364da9-7b7a-4d3e-9d41-50cb81dc9560","MEASH","2012","_Proportion","16.3","2.6","13.7","18.9",""
"c2ce169e-d77b-45d3-805d-503500d3933f","MEASH","2012","_ChangeInProportion","0.1","3.3","-3.2","3.5",""
"05b566d5-eadd-42cd-a22d-d77ca693f2e8","MEASH","2012","_Number","176.8","28.7","148.1","205.6",""
"9ca8a8bc-6bb7-4f10-8fa1-3375b29956ff","MEASH","2012","_ChangeInNumber","1.3","36.3","-35.0","37.6",""
"b3bdd89a-8f15-4a51-83b2-d3b48ef9d56c","MEASH","2012","_Population","1085.9","0.0","0.0","0.0",""
"a77f9bc9-9a85-439f-9c33-2775fa437b3b","MEASH","2013","_Proportion","15.6","2.5","13.1","18.1",""
"2a4f6041-2009-45de-8497-c909d5999e80","MEASH","2013","_ChangeInProportion","-0.7","3.4","-4.1","2.7",""
"a5fc40ce-dcf1-4284-ab9e-d405907716f6","MEASH","2013","_Number","169.0","27.0","142.0","196.0",""
"456959ab-e15f-40ce-be8d-eaa83dcc175e","MEASH","2013","_ChangeInNumber","-7.8","37.1","-44.9","29.3",""
"9d91d6a9-dcb6-4674-8b4c-c252fd3f31f8","MEASH","2013","_Population","1084.7","0.0","0.0","0.0",""
"267adac0-5422-4d4c-98d0-6dfcdd805dc6","MEASH","2014","_Proportion","15.8","2.4","13.5","18.2",""
"1f9d7e33-abe5-4de4-905e-a1f5d7109ff0","MEASH","2014","_ChangeInProportion","0.3","3.6","-3.3","3.9",""
"e98336a8-38ea-4d9c-a4df-8143ead184ab","MEASH","2014","_Number","171.7","25.9","145.8","197.6",""
"cae7aded-9e85-4220-b4bc-fd7d8e22d5f5","MEASH","2014","_ChangeInNumber","2.7","39.1","-36.4","41.8",""
"5ac31345-290b-4a08-b1d3-bd684b10498d","MEASH","2014","_Population","1083.9","0.0","0.0","0.0",""
"33fe4c69-b4b0-437c-9836-8206cb889c04","MEASH","2015","_Proportion","15.5","1.9","13.5","17.4",""
"2db19daa-71f3-46c5-b0ea-8910b6e6cf7e","MEASH","2015","_ChangeInProportion","-0.4","3.2","-3.5","2.8",""
"9c938a15-1d2a-4034-b6cf-800e26eea73b","MEASH","2015","_Number","168.2","21.2","147.0","189.5",""
"8338944b-172e-4c0b-961f-9e8557e71b43","MEASH","2015","_ChangeInNumber","-3.5","35.1","-38.6","31.6",""
"1d07a91c-8273-4a06-84ea-5b745b21e662","MEASH","2015","_Population","1087.1","0.0","0.0","0.0",""
"cdac2f4a-661a-482c-858d-b1e2385cc22c","MEASH","2016","_Proportion","16.2","2.3","13.9","18.5",""
"e1338ca7-f70c-478e-a1ef-d9d752fa4408","MEASH","2016","_ChangeInProportion","0.8","2.9","-2.1","3.7",""
"3a7b16d7-f1df-45d8-87d6-2a41616cbac3","MEASH","2016","_Number","177.6","25.2","152.5","202.8",""
"c64171ec-df5a-4d15-8c04-c52534cf6ffa","MEASH","2016","_ChangeInNumber","9.4","31.8","-22.4","41.2",""
"f7062069-1e24-4ad4-804e-4aa42d75a5be","MEASH","2016","_Population","1093.2","0.0","0.0","0.0",""
"14b457bc-52ff-43f4-97f2-9cd069c560a7","MEASH","2017","_Proportion","16.1","2.2","13.9","18.4",""
"e720c0f1-35af-4d07-8bdd-2d8dba2dc618","MEASH","2017","_ChangeInProportion","-0.1","3.4","-3.5","3.2",""
"0ab8a998-1dea-464f-8c27-becbd29052ef","MEASH","2017","_Number","178.0","24.4","153.6","202.4",""
"761110d2-f6c1-4c06-94a7-29a03552881a","MEASH","2017","_ChangeInNumber","0.4","36.7","-36.3","37.1",""
"8d1ddd6d-a121-4c0d-b025-80d203d1efdd","MEASH","2017","_Population","1103.2","0.0","0.0","0.0",""
"e3041dac-256f-4457-9094-0286cd9cf8ba","MEASH","2018","_Proportion","15.7","2.2","13.5","17.8",""
"b1548a54-7017-4ff8-a959-70a04af6da8d","MEASH","2018","_ChangeInProportion","-0.5","3.0","-3.5","2.5",""
"c6c3d681-8510-47c3-a297-6494f7636c3d","MEASH","2018","_Number","174.3","24.6","149.7","198.9",""
"29a696de-1e27-4c3e-8573-311f8f669acd","MEASH","2018","_ChangeInNumber","-3.7","33.4","-37.1","29.7",""
"759bb7f2-d45c-4c94-b37f-239e1244244e","MEASH","2018","_Population","1113.3","0.0","0.0","0.0",""
"7e3e3e9f-2cc2-4e6e-ba95-73ded8cae453","MEASH","2019","_Proportion","13.8","1.0","12.8","14.7",""
"5c7c1984-cd77-4fa5-be25-614e16739ab3","MEASH","2019","_ChangeInProportion","1.9","2.4","-4.3","0.5",""
"452075a6-d205-4bd7-a404-f0641f075a36","MEASH","2019","_Number","156.1","10.8","145.3","166.9",""
"75f1b09a-bace-4046-8798-83967f437ada","MEASH","2019","_ChangeInNumber","-18.3","27.5","-45.8","9.2",""
"b5167ae1-81ee-4f12-901c-5591fd2cf94c","MEASH","2019","_Population","1132.8","0.0","0.0","0.0",""
"6d5f3863-103f-4d54-807d-e36657506048","MEASH","2020","_Proportion","13.2","1.2","12.0","14.4",""
"4e515e17-91cd-4fba-ac44-352eb81873c8","MEASH","2020","_ChangeInProportion","-0.5","1.6","-2.1","1.0",""
"b5037eaa-1c6c-4304-ada7-8cea3dae59dd","MEASH","2020","_Number","151.4","13.9","137.5","165.3",""
"9fb3de84-faee-4a32-a378-885c01f3dfad","MEASH","2020","_ChangeInNumber","-4.7","18.2","-22.9","13.5",""
"314c6e87-00e2-4549-ac78-71a23ebda60d","MEASH","2020","_Population","1144.1","0.0","0.0","0.0",""
"b149e3b1-7b01-49ab-a737-17e34208dc1d","MEASH","2021","_Proportion","12.3","1.1","11.2","13.3",""
"badf0f03-4029-496b-b6ae-541f86837c24","MEASH","2021","_ChangeInProportion","-1.0","1.6","-2.6","0.6",""
"1fd3387a-808e-4f90-82f8-d58ec8aa5458","MEASH","2021","_Number","141.0","12.4","128.6","153.3",""
"d432cc3b-0cc7-4794-9226-0ef47266d3cb","MEASH","2021","_ChangeInNumber","-10.4","18.3","-28.7","7.9",""
"130a1782-710c-4062-b259-842c2253991c","MEASH","2021","_Population","1149.2","0.0","0.0","0.0",""
"fc6cc1c4-efa5-4851-b0c0-292947400e6e","MEASH","2022","_Proportion","12.5","1.6","10.9","14.2",""
"45810e0a-4833-40c6-a0a6-66b968e788e9","MEASH","2022","_ChangeInProportion","0.3","1.9","-1.6","2.2",""
"ad5a0001-de8e-43c2-aa10-ac7e38b3ee35","MEASH","2022","_Number","144.2","18.7","125.5","163.0",""
"0f3e4f46-e369-44d4-a962-631ff7e285a4","MEASH","2022","_ChangeInNumber","3.3","21.9","-18.6","25.1",""
"82ff7693-2287-47ea-957d-6d09e0e8f0dc","MEASH","2022","_Population","1150.7","0.0","0.0","0.0",""
"02636bfe-9cf8-4b30-a248-0d60e2cd2ccd","MEASI","2007","_Proportion","0.0","0.0","0.0","0.0","A"
"f92ae78b-6cf0-4baf-ac72-8df79ff8a567","MEASI","2007","_ChangeInProportion","0.0","0.0","0.0","0.0","A"
"61c7c963-0001-4a26-a720-6ee6a8ed4e49","MEASI","2007","_Number","0.0","0.0","0.0","0.0","A"
"099259ad-f38a-458a-bc22-72d6ad1823ba","MEASI","2007","_ChangeInNumber","0.0","0.0","0.0","0.0","A"
"04c8b65f-206c-4d20-9d87-7e8f7387582e","MEASI","2007","_Population","0.0","0.0","0.0","0.0","A"
"d87f80b5-8c3d-418e-b16a-43a454eed9d3","MEASI","2008","_Proportion","0.0","0.0","0.0","0.0","A"
"9c1a9895-e84f-4d7a-b362-df47ee64aa88","MEASI","2008","_ChangeInProportion","0.0","0.0","0.0","0.0","A"
"aff95eca-258b-4764-a3f6-ce6af02d0b4a","MEASI","2008","_Number","0.0","0.0","0.0","0.0","A"
"21cb3125-c908-4e71-a14f-1ccb70329776","MEASI","2008","_ChangeInNumber","0.0","0.0","0.0","0.0","A"
"3ec28b98-3fa2-43d5-9da0-a28944421c09","MEASI","2008","_Population","0.0","0.0","0.0","0.0","A"
"e9dd2197-d617-4e66-a45f-fc23bf4fce4f","MEASI","2009","_Proportion","0.0","0.0","0.0","0.0","A"
"f1556f2e-8244-4e0f-a886-24a1bb0b75bc","MEASI","2009","_ChangeInProportion","0.0","0.0","0.0","0.0","A"
"9084ada3-59c3-4969-a3f8-977b56053589","MEASI","2009","_Number","0.0","0.0","0.0","0.0","A"
"f60ce006-774f-4a4f-913e-be20d4c9eb8b","MEASI","2009","_ChangeInNumber","0.0","0.0","0.0","0.0","A"
"a5a80662-def3-4a89-8895-fd84cca24edd","MEASI","2009","_Population","0.0","0.0","0.0","0.0","A"
"882fadee-d341-4553-b816-8583443577a1","MEASI","2010","_Proportion","0.0","0.0","0.0","0.0","A"
"a6485de8-8745-4638-a8f3-ba136fa37b6c","MEASI","2010","_ChangeInProportion","0.0","0.0","0.0","0.0","A"
"c96ce866-95c1-4e13-a715-84b837e611d6","MEASI","2010","_Number","0.0","0.0","0.0","0.0","A"
"119db356-afe8-4fd2-be49-d1dcb8a7a85e","MEASI","2010","_ChangeInNumber","0.0","0.0","0.0","0.0","A"
"87d6b781-b2f6-4643-a4f2-d8200de0b7b5","MEASI","2010","_Population","0.0","0.0","0.0","0.0","A"
"00a47b65-a76e-48f5-92e9-11b206484b8c","MEASI","2011","_Proportion","0.0","0.0","0.0","0.0","A"
"34ae52d4-3885-481a-975e-d6553f09c18a","MEASI","2011","_ChangeInProportion","0.0","0.0","0.0","0.0","A"
"47642c47-f57b-43c6-b267-cb9d58b4012d","MEASI","2011","_Number","0.0","0.0","0.0","0.0","A"
"a3c35aa2-f983-474b-903e-9fef4c21780a","MEASI","2011","_ChangeInNumber","0.0","0.0","0.0","0.0","A"
"f0f52d47-6371-421a-b877-7f57aecfe1b4","MEASI","2011","_Population","0.0","0.0","0.0","0.0","A"
"578c335f-8e7f-4299-b641-18fa901d1eb0","MEASI","2012","_Proportion","0.0","0.0","0.0","0.0","A"
"998d59cc-be99-4bf3-994b-60a99f7203e8","MEASI","2012","_ChangeInProportion","0.0","0.0","0.0","0.0","A"
"d5dd3632-cb5e-43f2-93c9-1ad0827437a9","MEASI","2012","_Number","0.0","0.0","0.0","0.0","A"
"76199921-d31e-4f5d-9f08-8600703e5ccb","MEASI","2012","_ChangeInNumber","0.0","0.0","0.0","0.0","A"
"cbb55828-8127-48c7-9363-dc84b79bf831","MEASI","2012","_Population","0.0","0.0","0.0","0.0","A"
"470cb187-6fc3-48d0-a005-cad9f5138fc1","MEASI","2013","_Proportion","7.7","2.7","5.1","10.4",""
"34cee567-64c5-43ee-9050-70724d590141","MEASI","2013","_ChangeInProportion","0.0","0.0","0.0","0.0","A"
"e079a3e9-5dd3-438c-ae0c-563c04fbedc8","MEASI","2013","_Number","84.0","29.1","54.9","113.1",""
"4f39421c-fd57-4579-933b-85a4c229ce7e","MEASI","2013","_ChangeInNumber","0.0","0.0","0.0","0.0","A"
"6b6e099a-0058-4b68-b636-f099447b86f1","MEASI","2013","_Population","1084.7","0.0","0.0","0.0",""
"122dd86a-466a-4e12-9616-bff73fb60781","MEASI","2014","_Proportion","8.4","3.1","5.4","11.5",""
"264a27a4-a91b-496d-a86b-6662ecdea1d5","MEASI","2014","_ChangeInProportion","0.7","4.2","-3.5","4.9",""
"bb16229e-5cbe-4efe-bb17-e5a265ba43e5","MEASI","2014","_Number","91.5","33.1","58.4","124.6",""
"a187e968-c723-41e9-bf24-0f52549866b0","MEASI","2014","_ChangeInNumber","7.5","45.4","-37.9","52.9",""
"55eca20d-a267-4374-bca3-f0796479e76a","MEASI","2014","_Population","1083.9","0.0","0.0","0.0",""
"6fb47a63-13b8-4dfb-84c8-d5005585e9ca","MEASI","2015","_Proportion","8.6","3.4","5.2","11.9",""
"951fe2e8-9103-41de-90a8-1db771eb3da6","MEASI","2015","_ChangeInProportion","0.1","4.8","-4.7","4.9",""
"f6d3b523-f2cb-4a11-83e4-3a58614076e9","MEASI","2015","_Number","93.0","36.2","56.8","129.3",""
"1d4cff82-910d-4f57-8da0-39296424608d","MEASI","2015","_ChangeInNumber","1.5","51.6","-50.1","53.1",""
"61e2c5d7-0d2e-43cd-be62-f8e0169a4384","MEASI","2015","_Population","1087.1","0.0","0.0","0.0",""
"65843afd-6d06-473c-a6f2-a7710e5362c9","MEASI","2016","_Proportion","4.6","1.9","2.7","6.5",""
"133ab74c-3b57-46a7-8f70-94d1a4b5a660","MEASI","2016","_ChangeInProportion","-4.0","4.0","-8.0","0.0",""
"9ad269e7-9fb8-4e56-9b46-fee648a5ea09","MEASI","2016","_Number","50.2","20.3","30.0","70.5",""
"f17cff12-1c97-48b2-8038-685ef07da0f8","MEASI","2016","_ChangeInNumber","-42.8","43.5","-86.3","0.7",""
"d071baad-094b-4f09-be53-2bc9ba2bdde2","MEASI","2016","_Population","1093.2","0.0","0.0","0.0",""
"4c38161f-fcb0-4ba3-bc9a-91eedce5bf5a","MEASI","2017","_Proportion","6.7","2.1","4.6","8.8",""
"116f6cf9-2f48-4a45-8e6e-216155baa4f4","MEASI","2017","_ChangeInProportion","2.1","3.0","-0.9","5.1",""
"a2b601fe-8a86-4873-8cb8-9b0148ffa9c1","MEASI","2017","_Number","73.6","23.4","50.2","97.0",""
"784b6bc3-f915-4a27-a2df-311a0f55d129","MEASI","2017","_ChangeInNumber","23.4","33.1","-9.7","56.5",""
"aa5cb5ab-7dc8-415a-b9dd-e24a0829f8ad","MEASI","2017","_Population","1103.2","0.0","0.0","0.0",""
"b795e54d-cf34-4fff-9914-f7790e160afc","MEASI","2018","_Proportion","5.8","1.4","4.4","7.2",""
"9fda324e-4158-4807-9989-45102b9a3c6c","MEASI","2018","_ChangeInProportion","-0.8","2.6","-3.5","1.8",""
"aca9f54d-4d59-4f0d-a233-bdfbd90556b0","MEASI","2018","_Number","64.8","15.6","49.2","80.4",""
"07ad709e-5db4-40b3-8e21-b2a48cfd9f83","MEASI","2018","_ChangeInNumber","-8.8","28.9","-37.7","20.1",""
"a0de59a8-aa2c-4af4-9fd9-393512ed7014","MEASI","2018","_Population","1113.3","0.0","0.0","0.0",""
"7be529f2-6498-4277-a21a-eb23067bfb69","MEASI","2019","_Proportion","5.7","0.6","5.1","6.3",""
"6041d304-b834-42c8-b254-b50ca03f3702","MEASI","2019","_ChangeInProportion","-0.1","1.6","-1.8","1.5",""
"5eae862b-35a2-465c-a6a0-8588fa99cf57","MEASI","2019","_Number","64.6","7.1","57.5","71.7",""
"bba538ca-f32c-441c-9941-cd5e391f091b","MEASI","2019","_ChangeInNumber","-0.2","18.2","-18.4","18.0",""
"625be1dc-f4f9-4bac-9726-fc8f52de0e2f","MEASI","2019","_Population","1132.2","0.0","0.0","0.0",""
"9ce1627c-cf1d-4711-b0a7-dc019957c8f1","MEASI","2020","_Proportion","4.6","0.7","3.9","5.3",""
"a0ef00fd-5666-46dc-8bd1-a38d003134a1","MEASI","2020","_ChangeInProportion","-1.1","0.9","-2.0","-0.2",""
"b31cbdd3-0faf-44d2-a03d-fb6a0d9ba238","MEASI","2020","_Number","52.6","8.0","44.6","60.6",""
"9c78fc33-bf6a-4eee-8c8e-0601b4ccc771","MEASI","2020","_ChangeInNumber","-12.0","10.4","-22.3","-1.6",""
"ca833e98-034c-4118-8ed9-5872b1bca366","MEASI","2020","_Population","1142.3","0.0","0.0","0.0",""
"6cb0061f-6153-49cf-a8e2-d8011d3af77a","MEASI","2021","_Proportion","4.9","0.9","4.0","5.8",""
"e7017918-e97f-4998-850c-dcb89752e8c2","MEASI","2021","_ChangeInProportion","0.3","1.1","-0.8","1.3",""
"bc77a505-3a4e-44ae-8ff1-5acadd6b0dd4","MEASI","2021","_Number","56.1","10.1","46.1","66.2",""
"eea9e689-54a6-442f-b28b-4dca1b6fe38b","MEASI","2021","_ChangeInNumber","3.5","12.1","-8.6","15.7",""
"c9e8709b-855a-4371-bc91-5e25d4e2038f","MEASI","2021","_Population","1146.9","0.0","0.0","0.0",""
"c63b341a-bfd5-4367-96ef-b963a8503b89","MEASI","2022","_Proportion","3.9","1.0","2.9","4.9",""
"51340c66-5e39-4553-b821-92fe89f9144c","MEASI","2022","_ChangeInProportion","-1.0","1.3","-2.3","0.3",""
"f6394508-d661-41a9-bfa8-65f19fec8044","MEASI","2022","_Number","45.1","11.2","33.9","56.3",""
"c763c7b2-cd27-47fb-9caf-cd4d5461c374","MEASI","2022","_ChangeInNumber","-11.1","14.7","-25.8","3.6",""
"3b1f5ae7-f491-4093-8f7e-1225f73780b5","MEASI","2022","_Population","1149.6","0.0","0.0","0.0",""
"8cd3b41c-cf01-4fa7-a0cc-12d2c491a6d9","MEASJ","2007","_Proportion","0.0","0.0","0.0","0.0","A"
"75e9ef17-dd85-4026-8214-9d40a8ba3785","MEASJ","2007","_ChangeInProportion","0.0","0.0","0.0","0.0","A"
"104b5423-7517-4300-8cc4-0982d3131410","MEASJ","2007","_Number","0.0","0.0","0.0","0.0","A"
"4656ddae-e04b-4053-b64e-01a1d160a045","MEASJ","2007","_ChangeInNumber","0.0","0.0","0.0","0.0","A"
"b7c7da05-9237-4230-b949-40115dafd758","MEASJ","2007","_Population","0.0","0.0","0.0","0.0","A"
"75df4bc2-65c1-4b0b-b2fa-c2b93564c422","MEASJ","2008","_Proportion","0.0","0.0","0.0","0.0","A"
"12f6ca12-8a92-46a2-9342-4353c86212e4","MEASJ","2008","_ChangeInProportion","0.0","0.0","0.0","0.0","A"
"5a0c142f-9d02-4a49-b5b0-262e26f16811","MEASJ","2008","_Number","0.0","0.0","0.0","0.0","A"
"5c0aa6f6-7c7f-4a74-bafc-2faf4a433e72","MEASJ","2008","_ChangeInNumber","0.0","0.0","0.0","0.0","A"
"ca93e7de-8be0-457b-8cd1-fcb72f190017","MEASJ","2008","_Population","0.0","0.0","0.0","0.0","A"
"713d09f3-70dc-4673-91e4-a8384180b3fb","MEASJ","2009","_Proportion","0.0","0.0","0.0","0.0","A"
"215a7832-8a0a-48b4-8c58-af60f19cd4a4","MEASJ","2009","_ChangeInProportion","0.0","0.0","0.0","0.0","A"
"5a621741-4089-4d15-a369-47c5c16347fd","MEASJ","2009","_Number","0.0","0.0","0.0","0.0","A"
"dea90767-2091-4f84-aa3a-5f2da916cbb6","MEASJ","2009","_ChangeInNumber","0.0","0.0","0.0","0.0","A"
"3b466e9c-d9bd-46cc-b443-7c14e6dc2ea4","MEASJ","2009","_Population","0.0","0.0","0.0","0.0","A"
"dd6651ca-720f-4bab-90fa-c4baf5c8fec8","MEASJ","2010","_Proportion","0.0","0.0","0.0","0.0","A"
"ec6acdeb-7790-4f71-a76e-e4de5ebc835e","MEASJ","2010","_ChangeInProportion","0.0","0.0","0.0","0.0","A"
"dc1fc3fe-99dd-4952-a188-ffbb88c591fd","MEASJ","2010","_Number","0.0","0.0","0.0","0.0","A"
"dfe6fb75-7b65-4386-884b-707d00008051","MEASJ","2010","_ChangeInNumber","0.0","0.0","0.0","0.0","A"
"4af7111d-146d-4ebb-ac20-cfc7c33d2764","MEASJ","2010","_Population","0.0","0.0","0.0","0.0","A"
"6d1508fb-4fb4-4e1b-8cca-6acb7d244598","MEASJ","2011","_Proportion","0.0","0.0","0.0","0.0","A"
"7552e95b-bdf3-4e73-90da-241ef808c348","MEASJ","2011","_ChangeInProportion","0.0","0.0","0.0","0.0","A"
"b4fbb4ac-311a-4c2e-a9df-4fd56fa2f63c","MEASJ","2011","_Number","0.0","0.0","0.0","0.0","A"
"f6dd3822-5f67-4b3f-996d-85c1a86b8787","MEASJ","2011","_ChangeInNumber","0.0","0.0","0.0","0.0","A"
"edd77fbe-0e4b-46f4-81e2-397cb0d7e3b6","MEASJ","2011","_Population","0.0","0.0","0.0","0.0","A"
"1d7d9fb4-f443-44d6-ba96-d4fb7ba4e29b","MEASJ","2012","_Proportion","0.0","0.0","0.0","0.0","A"
"04127813-e230-4b1c-a004-ca1d23e19869","MEASJ","2012","_ChangeInProportion","0.0","0.0","0.0","0.0","A"
"497a9548-1028-4a62-a219-8e1c0cfcf4c7","MEASJ","2012","_Number","0.0","0.0","0.0","0.0","A"
"e4aa628c-e0ef-468b-9a2f-8b4078627e6d","MEASJ","2012","_ChangeInNumber","0.0","0.0","0.0","0.0","A"
"9320fd98-e81a-4d52-aee9-fb5a41efd236","MEASJ","2012","_Population","0.0","0.0","0.0","0.0","A"
"2e009903-9b6e-45a0-9469-ffecdcb47d49","MEASJ","2013","_Proportion","10.5","3.3","7.2","13.8",""
"31f1d5c5-fd78-40ee-98e7-34a85a9422cd","MEASJ","2013","_ChangeInProportion","0.0","0.0","0.0","0.0","A"
"5fa9c94f-c7a6-4430-a73d-196857737630","MEASJ","2013","_Number","113.8","35.7","78.1","149.4",""
"8107b1e9-c805-4cb3-bdd3-490d36422f26","MEASJ","2013","_ChangeInNumber","0.0","0.0","0.0","0.0","A"
"7fb13379-4803-4819-98ac-59bece93ebdb","MEASJ","2013","_Population","1084.7","0.0","0.0","0.0",""
"fd851926-07ce-46d3-b48e-54c015b0f1d7","MEASJ","2014","_Proportion","8.9","2.6","6.2","11.5",""
"dff6dc93-3b95-48cb-ac5a-4599337e4915","MEASJ","2014","_ChangeInProportion","-1.6","4.2","-5.9","2.6",""
"3b968727-40c6-4a22-832d-4e5a450aac95","MEASJ","2014","_Number","96.2","28.3","67.9","124.5",""
"7c67066c-7d0d-4b7d-9964-571ed4812e39","MEASJ","2014","_ChangeInNumber","-17.6","46.0","-63.6","28.4",""
"a25b9c57-d6ad-49f6-ab07-65c8bb019023","MEASJ","2014","_Population","1083.9","0.0","0.0","0.0",""
"e90ca121-3c69-441e-a78b-b0ae77a056ad","MEASJ","2015","_Proportion","10.2","2.6","7.6","12.8",""
"d8f7f4b8-4a29-435f-8a56-245388b2f033","MEASJ","2015","_ChangeInProportion","1.3","3.9","-2.5","5.2",""
"b1411fc3-5980-4da5-bb11-54f9f78ecba7","MEASJ","2015","_Number","110.9","27.6","83.3","138.5",""
"85d583f0-4da9-4c60-b2ad-06e670c34d3a","MEASJ","2015","_ChangeInNumber","14.7","41.8","-27.1","56.5",""
"3e90e3d5-6ac4-4577-b22b-7fada3d9067e","MEASJ","2015","_Population","1087.1","0.0","0.0","0.0",""
"74dff278-2b29-4361-9afa-c245bd96c5fd","MEASJ","2016","_Proportion","7.2","2.5","4.7","9.8",""
"d7f69efd-347e-4244-a371-19517dfbc052","MEASJ","2016","_ChangeInProportion","-3.0","3.6","-6.6","0.6",""
"244f27ed-a586-47f9-b865-ffefee58a854","MEASJ","2016","_Number","78.8","27.8","51.0","106.6",""
"354a5c5f-b418-4735-9940-1b142a5de6a9","MEASJ","2016","_ChangeInNumber","-32.1","39.4","-71.5","7.3",""
"3340469c-b0bc-4f25-a3ea-0adf8d24920d","MEASJ","2016","_Population","1093.2","0.0","0.0","0.0",""
"4fb963b5-5493-45c9-9e55-f265c27ec072","MEASJ","2017","_Proportion","7.8","2.0","5.8","9.9",""
"181bad37-8fb7-4e02-87cc-8d24262b9b40","MEASJ","2017","_ChangeInProportion","0.6","3.5","-2.9","4.1",""
"96f81c27-37d5-4691-84a2-b02d4896c0d8","MEASJ","2017","_Number","86.2","22.4","63.8","108.6",""
"ee576a1b-d5b5-4722-a98d-0ef5816a9f01","MEASJ","2017","_ChangeInNumber","7.4","38.2","-30.8","45.6",""
"4289a979-a6db-4d2a-81df-d4f305d7bffa","MEASJ","2017","_Population","1103.2","0.0","0.0","0.0",""
"3a55db6e-e0c2-4004-8409-4e40b592db3f","MEASJ","2018","_Proportion","8.8","1.8","7.1","10.6",""
"e2f5a216-2e95-41a6-b2e9-fb07fd137780","MEASJ","2018","_ChangeInProportion","1.0","2.9","-1.9","3.9",""
"dd3e4aed-0b97-4a6d-a95b-e23b265e351c","MEASJ","2018","_Number","98.3","19.5","78.8","117.8",""
"fa91670f-0317-41f9-9512-51ab1404f86f","MEASJ","2018","_ChangeInNumber","12.1","31.7","-19.6","43.8",""
"15222e34-f7f5-4806-92c4-ac9c9b25ef20","MEASJ","2018","_Population","1113.3","0.0","0.0","0.0",""
"3d091a41-c701-4d59-9fd3-d9d1e953cce4","MEASJ","2019","_Proportion","7.7","0.8","6.9","8.5",""
"7611a18e-e92b-453a-bcf3-1043ed06594c","MEASJ","2019","_ChangeInProportion","-1.1","1.9","-3.1","0.8",""
"b81cb2dc-c67a-4bdb-be9e-3573c980cd1f","MEASJ","2019","_Number","87.1","9.4","77.7","96.5",""
"ee5b945f-6b25-4f10-8611-015732e63eb9","MEASJ","2019","_ChangeInNumber","-11.2","21.3","-32.5","10.1",""
"85faacc9-b003-4147-a1ef-6ede07ecf9d4","MEASJ","2019","_Population","1132.8","0.0","0.0","0.0",""
"707c3d2b-f1f2-4a64-9a51-25ec9c750319","MEASJ","2020","_Proportion","6.9","1.0","5.9","7.8",""
"13caa8d3-f234-4a0a-ad43-f56c46ad9546","MEASJ","2020","_ChangeInProportion","-0.8","1.2","-2.1","0.4",""
"093a390d-4e95-4a83-ace1-88e7ce61f341","MEASJ","2020","_Number","78.4","11.2","67.2","89.5",""
"ffdad46a-caf1-42d9-90f2-13c4577607b2","MEASJ","2020","_ChangeInNumber","-8.7","14.1","-22.9","5.4",""
"c99e128f-503d-4e3c-a9e3-d0b8b30c726e","MEASJ","2020","_Population","1142.3","0.0","0.0","0.0",""
"3ae80f02-f9be-4289-8691-16a051e446f6","MEASJ","2021","_Proportion","6.4","0.8","5.6","7.2",""
"bdfb81d2-d8b7-4ab1-af8f-2384afaa5bf4","MEASJ","2021","_ChangeInProportion","-0.5","1.1","-1.6","0.7",""
"fc91bbae-ddd0-4be9-b847-af0f152aab4a","MEASJ","2021","_Number","73.5","9.6","63.8","83.1",""
"22311fda-d11b-4059-8c8e-02e744d9adea","MEASJ","2021","_ChangeInNumber","-4.9","13.0","-17.9","8.1",""
"00cfc52c-2646-4413-84d9-45c46e72e8d7","MEASJ","2021","_Population","1146.9","0.0","0.0","0.0",""
"aa66b15a-7a2a-4e2d-9aa6-f7e8f2a7e07c","MEASJ","2022","_Proportion","5.9","1.2","4.7","7.0",""
"ebac9634-133a-455b-9f07-eb2b4238df0c","MEASJ","2022","_ChangeInProportion","-0.5","1.4","-2.0","0.9",""
"51913d92-bbd8-490e-9ff9-3f71a59f7d8e","MEASJ","2022","_Number","67.3","13.3","54.1","80.6",""
"a34abe73-0737-42a6-a916-b49d8f714d08","MEASOMUCHO","2003","_Population","3.0","2.0","3.0","3.0","A"
"e6e55300-cc76-41d6-9207-e9248452d5fb","MEASOPOCO","2003","_Population","2.0","12.0","11.0","34.0","A"
